makefile	kmod_expression	halfbsd_amd64_allowlist	description	removal_candidate
sys/modules/3dfx/Makefile	3dfx	outside default allowlist	Provides a device interface for legacy 3dfx graphics hardware. It targets legacy hardware outside the current workstation profile, subject to confirming that no supported machine needs it.	YES
sys/modules/3dfx_linux/Makefile	3dfx_linux	outside default allowlist	Provides Linux ioctl compatibility for the legacy 3dfx device interface. It targets legacy hardware outside the current workstation profile, subject to confirming that no supported machine needs it.	YES
sys/modules/accf_data/Makefile	accf_data	outside default allowlist	Defers accepting a stream socket until incoming data is available. It serves specialized server or appliance workloads outside the current workstation profile, subject to checking remaining consumers.	YES
sys/modules/accf_dns/Makefile	accf_dns	outside default allowlist	Filters socket acceptance around complete DNS requests. It serves specialized server or appliance workloads outside the current workstation profile, subject to checking remaining consumers.	YES
sys/modules/accf_http/Makefile	accf_http	outside default allowlist	Defers accepting a stream socket until an HTTP request is ready. It serves specialized server or appliance workloads outside the current workstation profile, subject to checking remaining consumers.	YES
sys/modules/accf_tls/Makefile	accf_tls	outside default allowlist	Defers accepting a stream socket until a TLS handshake record is ready. It serves specialized server or appliance workloads outside the current workstation profile, subject to checking remaining consumers.	YES
sys/modules/acl_nfs4/Makefile	acl_nfs4	candidate	Implements NFSv4-style access-control lists used by local filesystems such as ZFS and UFS. Keep it because removing NFS networking does not remove the local filesystem ACL dependency.	NO
sys/modules/acl_posix1e/Makefile	acl_posix1e	outside default allowlist	Provides POSIX-style access-control-list operations used by UFS. Keep it while the retained UFS configurations enable UFS_ACL, regardless of whether the separate module is built.	NO
sys/modules/acpi/acpi_asus/Makefile	acpi_asus	candidate	Provides ACPI laptop controls for supported ASUS systems. Remove it only if HalfBSD drops the corresponding hardware and its dependent drivers.	MAYBE
sys/modules/acpi/acpi_asus_wmi/Makefile	acpi_asus_wmi	candidate	Provides ASUS laptop controls through ACPI WMI. Remove it only if HalfBSD drops the corresponding hardware and its dependent drivers.	MAYBE
sys/modules/acpi/acpi_dock/Makefile	acpi_dock	candidate	Handles ACPI docking-station attachment and events. Remove it only if HalfBSD drops the corresponding hardware and its dependent drivers.	MAYBE
sys/modules/acpi/acpi_fujitsu/Makefile	acpi_fujitsu	candidate	Provides ACPI laptop controls for supported Fujitsu systems. Remove it only if HalfBSD drops the corresponding hardware and its dependent drivers.	MAYBE
sys/modules/acpi/acpi_ged/Makefile	acpi_ged	candidate	Handles ACPI Generic Event Device notifications. Remove it only if HalfBSD drops the corresponding hardware and its dependent drivers.	MAYBE
sys/modules/acpi/acpi_hp/Makefile	acpi_hp	candidate	Provides ACPI laptop controls for supported HP systems. Remove it only if HalfBSD drops the corresponding hardware and its dependent drivers.	MAYBE
sys/modules/acpi/acpi_ibm/Makefile	acpi_ibm	candidate	Provides ACPI controls and hotkeys for supported ThinkPad systems. Remove it only if HalfBSD drops the corresponding hardware and its dependent drivers.	MAYBE
sys/modules/acpi/acpi_panasonic/Makefile	acpi_panasonic	candidate	Provides ACPI laptop controls for supported Panasonic systems. Remove it only if HalfBSD drops the corresponding hardware and its dependent drivers.	MAYBE
sys/modules/acpi/acpi_rapidstart/Makefile	acpi_rapidstart	candidate	Provides access to Intel Rapid Start firmware settings. Remove it only if HalfBSD drops the corresponding hardware and its dependent drivers.	MAYBE
sys/modules/acpi/acpi_sbl_wmi/Makefile	acpi_sbl_wmi	candidate	Provides ACPI WMI services for systems using Slim Bootloader firmware. Remove it only if HalfBSD drops the corresponding hardware and its dependent drivers.	MAYBE
sys/modules/acpi/acpi_sony/Makefile	acpi_sony	candidate	Provides ACPI laptop controls for supported Sony systems. Remove it only if HalfBSD drops the corresponding hardware and its dependent drivers.	MAYBE
sys/modules/acpi/acpi_toshiba/Makefile	acpi_toshiba	candidate	Provides ACPI laptop controls for supported Toshiba systems. Remove it only if HalfBSD drops the corresponding hardware and its dependent drivers.	MAYBE
sys/modules/acpi/acpi_video/Makefile	acpi_video	candidate	Provides ACPI display and backlight control interfaces. Remove it only if HalfBSD drops the corresponding hardware and its dependent drivers.	MAYBE
sys/modules/acpi/acpi_wmi/Makefile	acpi_wmi	candidate	Provides the ACPI WMI framework used by vendor-specific laptop controls. Remove it only if HalfBSD drops the corresponding hardware and its dependent drivers.	MAYBE
sys/modules/acpi/aibs/Makefile	aibs	candidate	Reads hardware-monitoring sensors through supported ASUS ACPI interfaces. Remove it only if HalfBSD drops the corresponding hardware and its dependent drivers.	MAYBE
sys/modules/adlink/Makefile	adlink	outside default allowlist	Drives supported ADLINK PCI data-acquisition hardware. It serves specialized server or appliance workloads outside the current workstation profile, subject to checking remaining consumers.	YES
sys/modules/ae/Makefile	if_ae	outside default allowlist	Drives Attansic L2 Fast Ethernet adapters. It targets legacy hardware outside the current workstation profile, subject to confirming that no supported machine needs it.	YES
sys/modules/aesni/Makefile	aesni	candidate	Accelerates OpenCrypto operations using x86 AES-NI and related CPU instructions. Keep it because it supports the retained workstation, storage, networking, or virtualization stack.	NO
sys/modules/age/Makefile	if_age	outside default allowlist	Drives Attansic L1 Gigabit Ethernet adapters. Remove it only if HalfBSD drops the corresponding hardware and its dependent drivers.	MAYBE
sys/modules/ahci/Makefile	ahci	candidate	Drives AHCI SATA controllers used for ordinary disks and optical storage. Keep it because it supports the retained workstation, storage, networking, or virtualization stack.	NO
sys/modules/alc/Makefile	if_alc	outside default allowlist	Drives Atheros AR813x and AR815x Ethernet adapters. Remove it only if HalfBSD drops the corresponding hardware and its dependent drivers.	MAYBE
sys/modules/ale/Makefile	if_ale	outside default allowlist	Drives Atheros AR8121, AR8113, and AR8114 Ethernet adapters. Remove it only if HalfBSD drops the corresponding hardware and its dependent drivers.	MAYBE
sys/modules/alq/Makefile	alq	candidate	Provides asynchronous kernel logging queues used by instrumentation consumers. Its removal depends on whether HalfBSD intends to support this optional workflow and any remaining consumers.	MAYBE
sys/modules/amd_ecc_inject/Makefile	amd_ecc_inject	outside default allowlist	Provides AMD memory-controller ECC error-injection facilities for testing. It can be excluded from installed systems, but source removal would reduce testing or diagnostic coverage.	MAYBE
sys/modules/amdgpio/Makefile	amdgpio	candidate	Drives GPIO controllers on supported AMD chipsets. Remove it only if HalfBSD drops the corresponding hardware and its dependent drivers.	MAYBE
sys/modules/amdsbwd/Makefile	amdsbwd	outside default allowlist	Drives the watchdog timer on supported AMD southbridges. Remove it only if HalfBSD drops the corresponding hardware and its dependent drivers.	MAYBE
sys/modules/amdsmb/Makefile	amdsmb	outside default allowlist	Drives supported AMD SMBus host controllers. Remove it only if HalfBSD drops the corresponding hardware and its dependent drivers.	MAYBE
sys/modules/amdsmn/Makefile	amdsmn	candidate	Provides access to AMD System Management Network registers. Remove it only if HalfBSD drops the corresponding hardware and its dependent drivers.	MAYBE
sys/modules/amdsmu/Makefile	amdsmu	candidate	Provides access to AMD System Management Unit telemetry. Remove it only if HalfBSD drops the corresponding hardware and its dependent drivers.	MAYBE
sys/modules/amdtemp/Makefile	amdtemp	candidate	Reads temperature sensors in supported AMD processors. Remove it only if HalfBSD drops the corresponding hardware and its dependent drivers.	MAYBE
sys/modules/arcmsr/Makefile	arcmsr	outside default allowlist	Drives Areca RAID controllers. It serves specialized server or appliance workloads outside the current workstation profile, subject to checking remaining consumers.	YES
sys/modules/asmc/Makefile	asmc	candidate	Drives Apple System Management Controller sensors and controls on supported Intel Macs. Remove it only if HalfBSD drops the corresponding hardware and its dependent drivers.	MAYBE
sys/modules/ata/atacore/Makefile	ata	outside default allowlist	Provides the legacy ATA storage-driver framework. Removal requires checking non-AHCI controllers and any remaining CAM dependencies.	MAYBE
sys/modules/ata/ataisa/Makefile	ataisa	outside default allowlist	Attaches legacy ATA controllers on the ISA bus. It targets obsolete storage hardware outside the current workstation profile.	YES
sys/modules/ata/atapci/Makefile	atapci	outside default allowlist	Provides PCI attachment infrastructure for legacy ATA chipset drivers. Remove it only after deciding to drop the entire dependent ATA controller family.	MAYBE
sys/modules/ata/atapci/chipsets/ataacard/Makefile	ataacard	outside default allowlist	Drives supported ACARD controllers through the legacy ATA framework. It is a removal candidate if HalfBSD limits SATA support to AHCI and no retained hardware requires this controller.	MAYBE
sys/modules/ata/atapci/chipsets/ataacerlabs/Makefile	ataacerlabs	outside default allowlist	Drives supported Acer Labs ALi controllers through the legacy ATA framework. It is a removal candidate if HalfBSD limits SATA support to AHCI and no retained hardware requires this controller.	MAYBE
sys/modules/ata/atapci/chipsets/ataamd/Makefile	ataamd	outside default allowlist	Drives supported AMD controllers through the legacy ATA framework. It is a removal candidate if HalfBSD limits SATA support to AHCI and no retained hardware requires this controller.	MAYBE
sys/modules/ata/atapci/chipsets/ataati/Makefile	ataati	outside default allowlist	Drives supported ATI controllers through the legacy ATA framework. It is a removal candidate if HalfBSD limits SATA support to AHCI and no retained hardware requires this controller.	MAYBE
sys/modules/ata/atapci/chipsets/atacenatek/Makefile	atacenatek	outside default allowlist	Drives supported Cenatek controllers through the legacy ATA framework. It is a removal candidate if HalfBSD limits SATA support to AHCI and no retained hardware requires this controller.	MAYBE
sys/modules/ata/atapci/chipsets/atacypress/Makefile	atacypress	outside default allowlist	Drives supported Cypress controllers through the legacy ATA framework. It is a removal candidate if HalfBSD limits SATA support to AHCI and no retained hardware requires this controller.	MAYBE
sys/modules/ata/atapci/chipsets/atacyrix/Makefile	atacyrix	outside default allowlist	Drives supported Cyrix controllers through the legacy ATA framework. It is a removal candidate if HalfBSD limits SATA support to AHCI and no retained hardware requires this controller.	MAYBE
sys/modules/ata/atapci/chipsets/atahighpoint/Makefile	atahighpoint	outside default allowlist	Drives supported HighPoint controllers through the legacy ATA framework. It is a removal candidate if HalfBSD limits SATA support to AHCI and no retained hardware requires this controller.	MAYBE
sys/modules/ata/atapci/chipsets/ataintel/Makefile	ataintel	outside default allowlist	Drives supported Intel controllers through the legacy ATA framework. It is a removal candidate if HalfBSD limits SATA support to AHCI and no retained hardware requires this controller.	MAYBE
sys/modules/ata/atapci/chipsets/ataite/Makefile	ataite	outside default allowlist	Drives supported ITE controllers through the legacy ATA framework. It is a removal candidate if HalfBSD limits SATA support to AHCI and no retained hardware requires this controller.	MAYBE
sys/modules/ata/atapci/chipsets/atajmicron/Makefile	atajmicron	outside default allowlist	Drives supported JMicron controllers through the legacy ATA framework. It is a removal candidate if HalfBSD limits SATA support to AHCI and no retained hardware requires this controller.	MAYBE
sys/modules/ata/atapci/chipsets/atamarvell/Makefile	atamarvell	outside default allowlist	Drives supported Marvell controllers through the legacy ATA framework. It is a removal candidate if HalfBSD limits SATA support to AHCI and no retained hardware requires this controller.	MAYBE
sys/modules/ata/atapci/chipsets/atamicron/Makefile	atamicron	outside default allowlist	Drives supported Micron controllers through the legacy ATA framework. It is a removal candidate if HalfBSD limits SATA support to AHCI and no retained hardware requires this controller.	MAYBE
sys/modules/ata/atapci/chipsets/atanational/Makefile	atanational	outside default allowlist	Drives supported National Semiconductor controllers through the legacy ATA framework. It is a removal candidate if HalfBSD limits SATA support to AHCI and no retained hardware requires this controller.	MAYBE
sys/modules/ata/atapci/chipsets/atanetcell/Makefile	atanetcell	outside default allowlist	Drives supported NetCell controllers through the legacy ATA framework. It is a removal candidate if HalfBSD limits SATA support to AHCI and no retained hardware requires this controller.	MAYBE
sys/modules/ata/atapci/chipsets/atanvidia/Makefile	atanvidia	outside default allowlist	Drives supported NVIDIA controllers through the legacy ATA framework. It is a removal candidate if HalfBSD limits SATA support to AHCI and no retained hardware requires this controller.	MAYBE
sys/modules/ata/atapci/chipsets/atapromise/Makefile	atapromise	outside default allowlist	Drives supported Promise controllers through the legacy ATA framework. It is a removal candidate if HalfBSD limits SATA support to AHCI and no retained hardware requires this controller.	MAYBE
sys/modules/ata/atapci/chipsets/ataserverworks/Makefile	ataserverworks	outside default allowlist	Drives supported ServerWorks controllers through the legacy ATA framework. It is a removal candidate if HalfBSD limits SATA support to AHCI and no retained hardware requires this controller.	MAYBE
sys/modules/ata/atapci/chipsets/atasiliconimage/Makefile	atasiliconimage	outside default allowlist	Drives supported Silicon Image controllers through the legacy ATA framework. It is a removal candidate if HalfBSD limits SATA support to AHCI and no retained hardware requires this controller.	MAYBE
sys/modules/ata/atapci/chipsets/atasis/Makefile	atasis	outside default allowlist	Drives supported SiS controllers through the legacy ATA framework. It is a removal candidate if HalfBSD limits SATA support to AHCI and no retained hardware requires this controller.	MAYBE
sys/modules/ata/atapci/chipsets/atavia/Makefile	atavia	outside default allowlist	Drives supported VIA controllers through the legacy ATA framework. It is a removal candidate if HalfBSD limits SATA support to AHCI and no retained hardware requires this controller.	MAYBE
sys/modules/ath/Makefile	if_ath	candidate	Drives supported Atheros wireless adapters through the native ath framework. Keep it while its wireless hardware remains supported, including any matching firmware and framework dependencies.	MAYBE
sys/modules/ath10k/Makefile	if_ath10k	outside default allowlist	Drives supported Qualcomm Atheros 802.11ac wireless adapters through LinuxKPI. Keep it while its wireless hardware remains supported, including any matching firmware and framework dependencies.	MAYBE
sys/modules/ath11k/Makefile	if_ath11k	outside default allowlist	Drives supported Qualcomm 802.11ax wireless adapters through LinuxKPI. Keep it while its wireless hardware remains supported, including any matching firmware and framework dependencies.	MAYBE
sys/modules/ath12k/Makefile	if_ath12k	outside default allowlist	Drives supported Qualcomm 802.11be wireless adapters through LinuxKPI. Keep it while its wireless hardware remains supported, including any matching firmware and framework dependencies.	MAYBE
sys/modules/ath_dfs/Makefile	ath_dfs	candidate	Provides radar detection and dynamic-frequency-selection support for ath wireless drivers. Keep it while its wireless hardware remains supported, including any matching firmware and framework dependencies.	MAYBE
sys/modules/ath_hal/Makefile	ath_hal	candidate	Provides the hardware-abstraction framework used by ath wireless drivers. Keep it while its wireless hardware remains supported, including any matching firmware and framework dependencies.	MAYBE
sys/modules/ath_hal_ar5210/Makefile	ath_hal_ar5210	candidate	Provides ath hardware-abstraction support for AR5210 wireless chipsets. Keep it while its wireless hardware remains supported, including any matching firmware and framework dependencies.	MAYBE
sys/modules/ath_hal_ar5211/Makefile	ath_hal_ar5211	candidate	Provides ath hardware-abstraction support for AR5211 wireless chipsets. Keep it while its wireless hardware remains supported, including any matching firmware and framework dependencies.	MAYBE
sys/modules/ath_hal_ar5212/Makefile	ath_hal_ar5212	candidate	Provides ath hardware-abstraction support for AR5212 wireless chipsets. Keep it while its wireless hardware remains supported, including any matching firmware and framework dependencies.	MAYBE
sys/modules/ath_hal_ar5416/Makefile	ath_hal_ar5416	candidate	Provides ath hardware-abstraction support for AR5416-family wireless chipsets. Keep it while its wireless hardware remains supported, including any matching firmware and framework dependencies.	MAYBE
sys/modules/ath_hal_ar9300/Makefile	ath_hal_ar9300	candidate	Provides ath hardware-abstraction support for AR9300-family wireless chipsets. Keep it while its wireless hardware remains supported, including any matching firmware and framework dependencies.	MAYBE
sys/modules/ath_main/Makefile	ath_main	candidate	Provides the common ath wireless-driver implementation. Keep it while its wireless hardware remains supported, including any matching firmware and framework dependencies.	MAYBE
sys/modules/ath_rate/Makefile	ath_rate	candidate	Provides transmit-rate-control support for ath wireless drivers. Keep it while its wireless hardware remains supported, including any matching firmware and framework dependencies.	MAYBE
sys/modules/athk_common/Makefile	athk_common	outside default allowlist	Provides shared LinuxKPI support for Qualcomm ath wireless-driver families. Keep it while its wireless hardware remains supported, including any matching firmware and framework dependencies.	MAYBE
sys/modules/autofs/Makefile	autofs	outside default allowlist	Provides the kernel automount filesystem used with the automount service. Its removal depends on whether HalfBSD intends to support this optional workflow and any remaining consumers.	MAYBE
sys/modules/axgbe/if_axa/Makefile	if_axa	candidate	Provides the device-tree attachment of the AMD XGBE Ethernet driver. It belongs to embedded platform support left behind by the ARM removal and has no identified amd64 workstation use.	YES
sys/modules/axgbe/if_axp/Makefile	if_axp	candidate	Provides the PCI attachment of the AMD XGBE Ethernet driver. Remove it only if HalfBSD drops the corresponding hardware and its dependent drivers.	MAYBE
sys/modules/backlight/Makefile	backlight	candidate	Provides a common interface for controlling display backlights. Keep it because it supports the retained workstation, storage, networking, or virtualization stack.	NO
sys/modules/bce/Makefile	if_bce	candidate	Drives Broadcom NetXtreme II Ethernet adapters. Remove it only if HalfBSD drops the corresponding hardware and its dependent drivers.	MAYBE
sys/modules/bfe/Makefile	if_bfe	outside default allowlist	Drives Broadcom BCM440x Fast Ethernet adapters. It targets legacy hardware outside the current workstation profile, subject to confirming that no supported machine needs it.	YES
sys/modules/bge/Makefile	if_bge	candidate	Drives Broadcom BCM57xx Gigabit Ethernet adapters. Remove it only if HalfBSD drops the corresponding hardware and its dependent drivers.	MAYBE
sys/modules/bhnd/Makefile	bhnd	candidate	Provides the Broadcom Home Networking Division bus framework. Check retained Broadcom wireless-driver dependencies before removing this bus or bridge component.	MAYBE
sys/modules/bhnd/bcma/Makefile	bcma	candidate	Provides the Broadcom AMBA interconnect bus implementation. Check retained Broadcom wireless-driver dependencies before removing this bus or bridge component.	MAYBE
sys/modules/bhnd/bcma_bhndb/Makefile	bcma_bhndb	candidate	Connects the Broadcom AMBA bus through a bhnd bridge. Check retained Broadcom wireless-driver dependencies before removing this bus or bridge component.	MAYBE
sys/modules/bhnd/bhndb/Makefile	bhndb	candidate	Provides the shared bridge framework for Broadcom bhnd buses. Check retained Broadcom wireless-driver dependencies before removing this bus or bridge component.	MAYBE
sys/modules/bhnd/bhndb_pci/Makefile	bhndb_pci	candidate	Attaches Broadcom bhnd bridges on the PCI bus. Check retained Broadcom wireless-driver dependencies before removing this bus or bridge component.	MAYBE
sys/modules/bhnd/cores/bhnd_pci/Makefile	bhnd_pci	candidate	Drives the Broadcom PCI core used by bhnd devices. Check retained Broadcom wireless-driver dependencies before removing this bus or bridge component.	MAYBE
sys/modules/bhnd/cores/bhnd_pci_hostb/Makefile	bhnd_pci_hostb	candidate	Handles the Broadcom PCI host-bridge core used by bhnd attachments. Check retained Broadcom wireless-driver dependencies before removing this bus or bridge component.	MAYBE
sys/modules/bhnd/cores/bhnd_pcib/Makefile	bhnd_pcib	candidate	Provides a PCI bridge implementation on the Broadcom bhnd bus. Check retained Broadcom wireless-driver dependencies before removing this bus or bridge component.	MAYBE
sys/modules/bhnd/siba/Makefile	siba	candidate	Provides the older Broadcom Sonics Silicon Backplane bus implementation. Check retained Broadcom wireless-driver dependencies before removing this bus or bridge component.	MAYBE
sys/modules/bhnd/siba_bhndb/Makefile	siba_bhndb	candidate	Connects the Sonics Silicon Backplane through a bhnd bridge. Check retained Broadcom wireless-driver dependencies before removing this bus or bridge component.	MAYBE
sys/modules/bios/smapi/Makefile	smapi	outside default allowlist	Provides legacy IBM System Management Application Program Interface access. It targets legacy hardware outside the current workstation profile, subject to confirming that no supported machine needs it.	YES
sys/modules/bios/smbios/Makefile	smbios	outside default allowlist	Exposes firmware System Management BIOS tables for hardware identification. Keep it because it supports the retained workstation, storage, networking, or virtualization stack.	NO
sys/modules/bios/vpd/Makefile	vpd	outside default allowlist	Exposes legacy Vital Product Data firmware records. Its removal depends on whether HalfBSD intends to support this optional workflow and any remaining consumers.	MAYBE
sys/modules/blake2/Makefile	blake2	candidate	Provides BLAKE2 hashing routines to kernel consumers. Keep it because it supports the retained workstation, storage, networking, or virtualization stack.	NO
sys/modules/bnxt/bnxt_en/Makefile	if_bnxt	candidate	Drives Broadcom NetXtreme-C and NetXtreme-E Ethernet adapters. Remove it only if HalfBSD drops the corresponding hardware and its dependent drivers.	MAYBE
sys/modules/brcm80211/brcmfmac/Makefile	if_brcmfmac	outside default allowlist	Drives supported Broadcom FullMAC wireless devices. Keep it while its wireless hardware remains supported, including any matching firmware and framework dependencies.	MAYBE
sys/modules/brcm80211/brcmutil/Makefile	brcmutil	outside default allowlist	Provides shared utilities used by the Broadcom wireless-driver implementation. Keep it while its wireless hardware remains supported, including any matching firmware and framework dependencies.	MAYBE
sys/modules/bridgestp/Makefile	bridgestp	candidate	Implements spanning-tree support used by Ethernet bridges. Keep it because it supports the retained workstation, storage, networking, or virtualization stack.	NO
sys/modules/bwi/Makefile	if_bwi	candidate	Drives older Broadcom BCM43xx wireless adapters through the bwi implementation. Keep it while its wireless hardware remains supported, including any matching firmware and framework dependencies.	MAYBE
sys/modules/bwn/Makefile	if_bwn	candidate	Drives supported Broadcom BCM43xx wireless adapters through the bwn implementation. Keep it while its wireless hardware remains supported, including any matching firmware and framework dependencies.	MAYBE
sys/modules/bxe/Makefile	if_bxe	candidate	Drives Broadcom NetXtreme II 10-Gigabit Ethernet adapters. Remove it only if HalfBSD drops the corresponding hardware and its dependent drivers.	MAYBE
sys/modules/bytgpio/Makefile	bytgpio	candidate	Drives GPIO controllers on Intel Bay Trail systems. Remove it only if HalfBSD drops the corresponding hardware and its dependent drivers.	MAYBE
sys/modules/cam/Makefile	cam	candidate	Provides the CAM storage framework and disk, peripheral, and transport infrastructure. Keep it because it supports the retained workstation, storage, networking, or virtualization stack.	NO
sys/modules/carp/Makefile	carp	candidate	Provides redundant virtual IP addresses through the Common Address Redundancy Protocol. It serves specialized server or appliance workloads outside the current workstation profile, subject to checking remaining consumers.	YES
sys/modules/cas/Makefile	if_cas	outside default allowlist	Drives Sun Cassini Ethernet adapters. It targets legacy hardware outside the current workstation profile, subject to confirming that no supported machine needs it.	YES
sys/modules/cc/cc_cdg/Makefile	cc_cdg	candidate	Provides the CAIA Delay-Gradient TCP congestion-control algorithm. Its removal depends on whether HalfBSD intends to support this optional workflow and any remaining consumers.	MAYBE
sys/modules/cc/cc_chd/Makefile	cc_chd	candidate	Provides the CAIA Hamilton-Delay TCP congestion-control algorithm. Its removal depends on whether HalfBSD intends to support this optional workflow and any remaining consumers.	MAYBE
sys/modules/cc/cc_cubic/Makefile	cc_cubic	candidate	Provides the CUBIC TCP congestion-control algorithm. Keep it because it supports the retained workstation, storage, networking, or virtualization stack.	NO
sys/modules/cc/cc_dctcp/Makefile	cc_dctcp	candidate	Provides the Data Center TCP congestion-control algorithm. It serves specialized server or appliance workloads outside the current workstation profile, subject to checking remaining consumers.	YES
sys/modules/cc/cc_hd/Makefile	cc_hd	candidate	Provides the Hamilton-Delay TCP congestion-control algorithm. Its removal depends on whether HalfBSD intends to support this optional workflow and any remaining consumers.	MAYBE
sys/modules/cc/cc_htcp/Makefile	cc_htcp	candidate	Provides the H-TCP congestion-control algorithm. Its removal depends on whether HalfBSD intends to support this optional workflow and any remaining consumers.	MAYBE
sys/modules/cc/cc_newreno/Makefile	cc_newreno	candidate	Provides the NewReno TCP congestion-control algorithm. Keep it because it supports the retained workstation, storage, networking, or virtualization stack.	NO
sys/modules/cc/cc_vegas/Makefile	cc_vegas	candidate	Provides the Vegas TCP congestion-control algorithm. Its removal depends on whether HalfBSD intends to support this optional workflow and any remaining consumers.	MAYBE
sys/modules/ccp/Makefile	ccp	candidate	Uses supported AMD Cryptographic Coprocessors for OpenCrypto acceleration. It is optional acceleration, so removal requires confirming that no retained device or cryptographic consumer depends on it.	MAYBE
sys/modules/cd9660/Makefile	cd9660	candidate	Reads ISO 9660 filesystems on optical media and disk images. Keep it because it supports the retained workstation, storage, networking, or virtualization stack.	NO
sys/modules/cd9660_iconv/Makefile	cd9660_iconv	candidate	Adds character-set conversion for ISO 9660 filenames. Its removal depends on whether HalfBSD intends to support this optional workflow and any remaining consumers.	MAYBE
sys/modules/cfi/Makefile	cfi	outside default allowlist	Provides the Common Flash Interface driver for memory-mapped flash devices. It serves specialized server or appliance workloads outside the current workstation profile, subject to checking remaining consumers.	YES
sys/modules/chromebook_platform/Makefile	chromebook_platform	candidate	Provides platform handling for supported Chromebook systems. Remove it only if HalfBSD drops the corresponding hardware and its dependent drivers.	MAYBE
sys/modules/chvgpio/Makefile	chvgpio	candidate	Drives GPIO controllers on Intel Cherry View systems. Remove it only if HalfBSD drops the corresponding hardware and its dependent drivers.	MAYBE
sys/modules/ciss/Makefile	ciss	outside default allowlist	Drives Compaq and HP Smart Array storage controllers. It serves specialized server or appliance workloads outside the current workstation profile, subject to checking remaining consumers.	YES
sys/modules/coretemp/Makefile	coretemp	candidate	Reads digital temperature sensors in supported Intel processors. Remove it only if HalfBSD drops the corresponding hardware and its dependent drivers.	MAYBE
sys/modules/cpuctl/Makefile	cpuctl	candidate	Provides privileged CPU controls such as model-specific registers and microcode updates. Keep it because it supports the retained workstation, storage, networking, or virtualization stack.	NO
sys/modules/cpufreq/Makefile	cpufreq	candidate	Provides CPU frequency-control infrastructure for power and performance management. Keep it because it supports the retained workstation, storage, networking, or virtualization stack.	NO
sys/modules/crypto/Makefile	crypto	candidate	Provides the kernel OpenCrypto framework used by cryptographic drivers and consumers. Keep it because it supports the retained workstation, storage, networking, or virtualization stack.	NO
sys/modules/cryptodev/Makefile	cryptodev	candidate	Exposes kernel cryptographic operations through a device interface and supplies a retained static ZFS dependency. Keep it because it supports the retained workstation, storage, networking, or virtualization stack.	NO
sys/modules/ctl/Makefile	ctl	candidate	Provides the CAM Target Layer for local SCSI target and virtual-storage operations. Keep the local functionality needed by bhyve virtio-SCSI while reviewing network-target and high-availability features separately.	NO
sys/modules/cuse/Makefile	cuse	candidate	Allows userspace processes to implement character devices through the kernel CUSE interface. Keep it because it supports the retained workstation, storage, networking, or virtualization stack.	NO
sys/modules/cxgb/cxgb/Makefile	if_cxgb	outside default allowlist	Drives Chelsio T3 Ethernet adapters. Remove it only if HalfBSD drops the corresponding hardware and its dependent drivers.	MAYBE
sys/modules/cxgb/cxgb_t3fw/Makefile	cxgb_t3fw	outside default allowlist	Contains firmware for Chelsio T3 Ethernet adapters. Remove it only together with the matching hardware support, since its driver may require this firmware to operate.	MAYBE
sys/modules/cxgbe/ccr/Makefile	ccr	candidate	Provides OpenCrypto acceleration through compatible Chelsio Ethernet adapters. It is optional acceleration, so removal requires confirming that no retained device or cryptographic consumer depends on it.	MAYBE
sys/modules/cxgbe/if_cc/Makefile	if_cc	candidate	Provides a compatibility loader for Chelsio T6 Ethernet ports. Remove it only if HalfBSD drops the corresponding hardware and its dependent drivers.	MAYBE
sys/modules/cxgbe/if_ccv/Makefile	if_ccv	candidate	Provides a compatibility loader for Chelsio T6 virtual-function Ethernet ports. Remove it only if HalfBSD drops the corresponding hardware and its dependent drivers.	MAYBE
sys/modules/cxgbe/if_cxgbe/Makefile	if_cxgbe	candidate	Provides the main Chelsio T4 and later Ethernet driver. Remove it only if HalfBSD drops the corresponding hardware and its dependent drivers.	MAYBE
sys/modules/cxgbe/if_cxgbev/Makefile	if_cxgbev	candidate	Provides the main Chelsio T4 and later virtual-function Ethernet driver. Remove it only if HalfBSD drops the corresponding hardware and its dependent drivers.	MAYBE
sys/modules/cxgbe/if_cxl/Makefile	if_cxl	candidate	Provides a compatibility loader for Chelsio T5 Ethernet ports. Remove it only if HalfBSD drops the corresponding hardware and its dependent drivers.	MAYBE
sys/modules/cxgbe/if_cxlv/Makefile	if_cxlv	candidate	Provides a compatibility loader for Chelsio T5 virtual-function Ethernet ports. Remove it only if HalfBSD drops the corresponding hardware and its dependent drivers.	MAYBE
sys/modules/cxgbe/t4_firmware/Makefile	t4fw_cfg	candidate	Contains firmware and configuration data for Chelsio T4 adapters. Remove it only together with the matching hardware support, since its driver may require this firmware to operate.	MAYBE
sys/modules/cxgbe/t5_firmware/Makefile	t5fw_cfg	candidate	Contains firmware and configuration data for Chelsio T5 adapters. Remove it only together with the matching hardware support, since its driver may require this firmware to operate.	MAYBE
sys/modules/cxgbe/t6_firmware/Makefile	t6fw_cfg	candidate	Contains firmware and configuration data for Chelsio T6 adapters. Remove it only together with the matching hardware support, since its driver may require this firmware to operate.	MAYBE
sys/modules/cxgbe/t7_firmware/Makefile	t7fw_cfg	candidate	Contains firmware and configuration data for Chelsio T7 adapters. Remove it only together with the matching hardware support, since its driver may require this firmware to operate.	MAYBE
sys/modules/cxgbe/tom/Makefile	t4_tom	candidate	Provides TCP offload through compatible Chelsio adapters. It serves specialized server or appliance workloads outside the current workstation profile, subject to checking remaining consumers.	YES
sys/modules/dcons/Makefile	dcons	outside default allowlist	Provides a shared-memory dumb console for remote debugging. Its removal depends on whether HalfBSD intends to support this optional workflow and any remaining consumers.	MAYBE
sys/modules/dcons_crom/Makefile	dcons_crom	outside default allowlist	Advertises the dumb-console interface through FireWire configuration ROMs. It targets legacy hardware outside the current workstation profile, subject to confirming that no supported machine needs it.	YES
sys/modules/dpaa2/Makefile	dpaa2	outside default allowlist	Provides NXP DPAA2 datapath and bus support for embedded networking systems. It belongs to embedded platform support left behind by the ARM removal and has no identified amd64 workstation use.	YES
sys/modules/dpdk_lpm4/Makefile	dpdk_lpm4	outside default allowlist	Provides an IPv4 forwarding-table lookup algorithm based on DPDK longest-prefix matching. Its removal depends on whether HalfBSD intends to support this optional workflow and any remaining consumers.	MAYBE
sys/modules/dpdk_lpm6/Makefile	dpdk_lpm6	outside default allowlist	Provides an IPv6 forwarding-table lookup algorithm based on DPDK longest-prefix matching. Its removal depends on whether HalfBSD intends to support this optional workflow and any remaining consumers.	MAYBE
sys/modules/dpms/Makefile	dpms	outside default allowlist	Provides legacy BIOS-based display power management. It targets legacy hardware outside the current workstation profile, subject to confirming that no supported machine needs it.	YES
sys/modules/dtrace/dtaudit/Makefile	dtaudit	outside default allowlist	Provides DTrace probes for kernel audit events. Its removal depends on whether HalfBSD intends to support this optional workflow and any remaining consumers.	MAYBE
sys/modules/dtrace/dtmalloc/Makefile	dtmalloc	outside default allowlist	Provides DTrace probes for kernel memory allocation. Its removal depends on whether HalfBSD intends to support this optional workflow and any remaining consumers.	MAYBE
sys/modules/dtrace/dtrace/Makefile	dtrace	outside default allowlist	Provides the main DTrace tracing framework. Keep it because it supports the retained workstation, storage, networking, or virtualization stack.	NO
sys/modules/dtrace/dtrace_test/Makefile	dtrace_test	outside default allowlist	Provides test probes and test facilities for DTrace. It can be excluded from installed systems, but source removal would reduce testing or diagnostic coverage.	MAYBE
sys/modules/dtrace/dtraceall/Makefile	dtraceall	outside default allowlist	Loads the collection of available DTrace providers. Its removal depends on whether HalfBSD intends to support this optional workflow and any remaining consumers.	MAYBE
sys/modules/dtrace/fasttrap/Makefile	fasttrap	outside default allowlist	Provides DTrace probes in userspace programs. Its removal depends on whether HalfBSD intends to support this optional workflow and any remaining consumers.	MAYBE
sys/modules/dtrace/fbt/Makefile	fbt	outside default allowlist	Provides DTrace function-boundary probes in the kernel. Its removal depends on whether HalfBSD intends to support this optional workflow and any remaining consumers.	MAYBE
sys/modules/dtrace/kinst/Makefile	kinst	outside default allowlist	Provides DTrace instruction-level kernel instrumentation. Its removal depends on whether HalfBSD intends to support this optional workflow and any remaining consumers.	MAYBE
sys/modules/dtrace/profile/Makefile	profile	outside default allowlist	Provides timed sampling and profiling probes for DTrace. Its removal depends on whether HalfBSD intends to support this optional workflow and any remaining consumers.	MAYBE
sys/modules/dtrace/prototype/Makefile	prototype	outside default allowlist	Provides a prototype DTrace provider for development. It can be excluded from installed systems, but source removal would reduce testing or diagnostic coverage.	MAYBE
sys/modules/dtrace/sdt/Makefile	sdt	outside default allowlist	Provides statically defined kernel tracing probes for DTrace. Its removal depends on whether HalfBSD intends to support this optional workflow and any remaining consumers.	MAYBE
sys/modules/dtrace/systrace/Makefile	systrace	outside default allowlist	Provides DTrace syscall probes for native applications. Its removal depends on whether HalfBSD intends to support this optional workflow and any remaining consumers.	MAYBE
sys/modules/dtrace/systrace_freebsd32/Makefile	systrace_freebsd32	outside default allowlist	Provides DTrace syscall probes for 32-bit FreeBSD compatibility applications. Its removal depends on whether HalfBSD intends to support this optional workflow and any remaining consumers.	MAYBE
sys/modules/dtrace/systrace_linux/Makefile	systrace_linux	outside default allowlist	Provides DTrace syscall probes for the associated Linux compatibility ABI. Its removal depends on whether HalfBSD intends to support this optional workflow and any remaining consumers.	MAYBE
sys/modules/dtrace/systrace_linux32/Makefile	systrace_linux32	outside default allowlist	Provides DTrace syscall probes for 32-bit Linux compatibility applications. Its removal depends on whether HalfBSD intends to support this optional workflow and any remaining consumers.	MAYBE
sys/modules/dummymbuf/Makefile	dummymbuf	outside default allowlist	Transforms packet mbuf layouts through packet-filter hooks for networking tests. It can be excluded from installed systems, but source removal would reduce testing or diagnostic coverage.	MAYBE
sys/modules/dummynet/Makefile	dummynet	candidate	Provides packet queuing, bandwidth control, and network emulation integrated with IPFW. Keep it because it supports the retained workstation, storage, networking, or virtualization stack.	NO
sys/modules/dwwdt/Makefile	dwwdt	outside default allowlist	Drives Synopsys DesignWare watchdog timers used by embedded platforms. It belongs to embedded platform support left behind by the ARM removal and has no identified amd64 workstation use.	YES
sys/modules/e6000sw/Makefile	e6000sw	outside default allowlist	Drives supported Marvell 88E6000 Ethernet switches. It serves specialized server or appliance workloads outside the current workstation profile, subject to checking remaining consumers.	YES
sys/modules/efirt/Makefile	efirt	candidate	Provides access to EFI runtime services such as firmware variables. Keep it because it supports the retained workstation, storage, networking, or virtualization stack.	NO
sys/modules/em/Makefile	if_em	candidate	Drives Intel PRO/1000 Ethernet adapters. Remove it only if HalfBSD drops the corresponding hardware and its dependent drivers.	MAYBE
sys/modules/enetc/Makefile	if_enetc	outside default allowlist	Drives NXP ENETC embedded Ethernet controllers. It belongs to embedded platform support left behind by the ARM removal and has no identified amd64 workstation use.	YES
sys/modules/enic/Makefile	if_enic	candidate	Drives Cisco virtual-interface Ethernet adapters. It serves specialized server or appliance workloads outside the current workstation profile, subject to checking remaining consumers.	YES
sys/modules/epoch_test/Makefile	epoch_test	outside default allowlist	Exercises epoch-based synchronization in the kernel. It can be excluded from installed systems, but source removal would reduce testing or diagnostic coverage.	MAYBE
sys/modules/et/Makefile	if_et	candidate	Drives Agere ET1310 Gigabit Ethernet adapters. Remove it only if HalfBSD drops the corresponding hardware and its dependent drivers.	MAYBE
sys/modules/etherswitch/Makefile	etherswitch	outside default allowlist	Provides the control framework for managed Ethernet switch hardware. It serves specialized server or appliance workloads outside the current workstation profile, subject to checking remaining consumers.	YES
sys/modules/evdev/Makefile	evdev	candidate	Exposes input devices through the event interface used by desktop input software. Keep it because it supports the retained workstation, storage, networking, or virtualization stack.	NO
sys/modules/ext2fs/Makefile	ext2fs	outside default allowlist	Provides access to supported Linux ext-family filesystems. Its removal depends on whether HalfBSD intends to support this optional workflow and any remaining consumers.	MAYBE
sys/modules/fdescfs/Makefile	fdescfs	candidate	Provides a filesystem exposing open file descriptors. Keep it because it supports the retained workstation, storage, networking, or virtualization stack.	NO
sys/modules/fdt/fdt_slicer/Makefile	fdt_slicer	outside default allowlist	Creates flash partition slices from flattened-device-tree descriptions. It belongs to embedded platform support left behind by the ARM removal and has no identified amd64 workstation use.	YES
sys/modules/felix/Makefile	felix	outside default allowlist	Drives the embedded Felix Ethernet switch implementation. It belongs to embedded platform support left behind by the ARM removal and has no identified amd64 workstation use.	YES
sys/modules/ffec/Makefile	if_ffec	outside default allowlist	Drives Freescale Fast Ethernet Controller adapters. It belongs to embedded platform support left behind by the ARM removal and has no identified amd64 workstation use.	YES
sys/modules/fib_dxr/Makefile	fib_dxr	outside default allowlist	Provides a DXR forwarding-table lookup algorithm. Its removal depends on whether HalfBSD intends to support this optional workflow and any remaining consumers.	MAYBE
sys/modules/filemon/Makefile	filemon	candidate	Tracks process file accesses for dependency discovery and incremental build tooling. Keep it because it supports the retained workstation, storage, networking, or virtualization stack.	NO
sys/modules/firewire/firewire/Makefile	firewire	outside default allowlist	Provides the IEEE 1394 bus framework for FireWire peripherals. It targets legacy hardware outside the current workstation profile, subject to confirming that no supported machine needs it.	YES
sys/modules/firewire/fwe/Makefile	if_fwe	outside default allowlist	Provides Ethernet emulation over FireWire. It targets legacy hardware outside the current workstation profile, subject to confirming that no supported machine needs it.	YES
sys/modules/firewire/fwip/Makefile	if_fwip	outside default allowlist	Provides IP networking over FireWire. It targets legacy hardware outside the current workstation profile, subject to confirming that no supported machine needs it.	YES
sys/modules/firewire/sbp/Makefile	sbp	outside default allowlist	Provides FireWire SBP-2 storage-initiator support. It targets legacy hardware outside the current workstation profile, subject to confirming that no supported machine needs it.	YES
sys/modules/firewire/sbp_targ/Makefile	sbp_targ	outside default allowlist	Provides a FireWire SBP-2 storage target. It targets legacy hardware outside the current workstation profile, subject to confirming that no supported machine needs it.	YES
sys/modules/firmware/Makefile	firmware	candidate	Provides the kernel firmware-loading and registration framework used by hardware drivers. Keep it because it supports the retained workstation, storage, networking, or virtualization stack.	NO
sys/modules/flash/flexspi/Makefile	flexspi	outside default allowlist	Drives NXP FlexSPI flash controllers used by embedded platforms. It belongs to embedded platform support left behind by the ARM removal and has no identified amd64 workstation use.	YES
sys/modules/ftgpio/Makefile	ftgpio	outside default allowlist	Drives GPIO pins on supported Fintek Super I/O controllers. Remove it only if HalfBSD drops the corresponding hardware and its dependent drivers.	MAYBE
sys/modules/ftwd/Makefile	ftwd	outside default allowlist	Drives watchdog timers on supported Fintek Super I/O controllers. Remove it only if HalfBSD drops the corresponding hardware and its dependent drivers.	MAYBE
sys/modules/fusefs/Makefile	fusefs	candidate	Provides the kernel side of userspace filesystem implementations. Keep it because it supports the retained workstation, storage, networking, or virtualization stack.	NO
sys/modules/gem/Makefile	if_gem	outside default allowlist	Drives Sun GEM Ethernet adapters. It targets legacy hardware outside the current workstation profile, subject to confirming that no supported machine needs it.	YES
sys/modules/geom/geom_cache/Makefile	geom_cache	candidate	Provides a block-cache layer in the GEOM storage framework. Its removal depends on whether HalfBSD intends to support this optional workflow and any remaining consumers.	MAYBE
sys/modules/geom/geom_ccd/Makefile	geom_ccd	outside default allowlist	Combines disks through the legacy concatenated-disk driver. It serves specialized server or appliance workloads outside the current workstation profile, subject to checking remaining consumers.	YES
sys/modules/geom/geom_concat/Makefile	geom_concat	outside default allowlist	Concatenates multiple block devices into one GEOM device. It serves specialized server or appliance workloads outside the current workstation profile, subject to checking remaining consumers.	YES
sys/modules/geom/geom_eli/Makefile	geom_eli	candidate	Provides GEOM block-device encryption used by compatible encrypted-storage workflows. Retain it until HalfBSD resolves disk and swap encryption policy and any installer dependencies.	MAYBE
sys/modules/geom/geom_flashmap/Makefile	geom_flashmap	outside default allowlist	Creates flash partitions from platform flash-map descriptions. It belongs to embedded platform support left behind by the ARM removal and has no identified amd64 workstation use.	YES
sys/modules/geom/geom_gate/Makefile	geom_gate	outside default allowlist	Exposes block I/O through a userspace GEOM gate service. It serves specialized server or appliance workloads outside the current workstation profile, subject to checking remaining consumers.	YES
sys/modules/geom/geom_journal/Makefile	geom_journal	outside default allowlist	Provides block-level journaling used by compatible UFS configurations. Coordinate removal with retained UFS configurations that enable UFS_GJOURNAL.	MAYBE
sys/modules/geom/geom_label/Makefile	geom_label	candidate	Provides named GEOM devices based on labels and filesystem metadata. Keep it because it supports the retained workstation, storage, networking, or virtualization stack.	NO
sys/modules/geom/geom_linux_lvm/Makefile	geom_linux_lvm	outside default allowlist	Reads supported Linux LVM volume metadata through GEOM. Its removal depends on whether HalfBSD intends to support this optional workflow and any remaining consumers.	MAYBE
sys/modules/geom/geom_mirror/Makefile	geom_mirror	candidate	Mirrors block devices using GEOM rather than ZFS. Check installer, encryption, and recovery consumers before treating its overlap with ZFS as sufficient reason for removal.	MAYBE
sys/modules/geom/geom_mountver/Makefile	geom_mountver	candidate	Preserves mounted-device identity across temporary device loss. Its removal depends on whether HalfBSD intends to support this optional workflow and any remaining consumers.	MAYBE
sys/modules/geom/geom_multipath/Makefile	geom_multipath	outside default allowlist	Manages multiple access paths to a storage device. It serves specialized server or appliance workloads outside the current workstation profile, subject to checking remaining consumers.	YES
sys/modules/geom/geom_nop/Makefile	geom_nop	candidate	Provides a pass-through GEOM layer with configurable failure injection. It can be excluded from installed systems, but source removal would reduce testing or diagnostic coverage.	MAYBE
sys/modules/geom/geom_part/geom_part_apm/Makefile	geom_part_apm	candidate	Recognizes Apple Partition Map disk layouts. Its removal depends on whether HalfBSD intends to support this optional workflow and any remaining consumers.	MAYBE
sys/modules/geom/geom_part/geom_part_bsd/Makefile	geom_part_bsd	candidate	Recognizes traditional BSD disklabel partition layouts. Its removal depends on whether HalfBSD intends to support this optional workflow and any remaining consumers.	MAYBE
sys/modules/geom/geom_part/geom_part_bsd64/Makefile	geom_part_bsd64	candidate	Recognizes DragonFly-style 64-bit BSD disklabels. Its removal depends on whether HalfBSD intends to support this optional workflow and any remaining consumers.	MAYBE
sys/modules/geom/geom_part/geom_part_ebr/Makefile	geom_part_ebr	candidate	Recognizes DOS extended-boot-record partition chains. Its removal depends on whether HalfBSD intends to support this optional workflow and any remaining consumers.	MAYBE
sys/modules/geom/geom_part/geom_part_gpt/Makefile	geom_part_gpt	candidate	Recognizes and manages GPT disk partitions used by modern systems. Keep it because it supports the retained workstation, storage, networking, or virtualization stack.	NO
sys/modules/geom/geom_part/geom_part_ldm/Makefile	geom_part_ldm	candidate	Recognizes Windows Logical Disk Manager partition metadata. Its removal depends on whether HalfBSD intends to support this optional workflow and any remaining consumers.	MAYBE
sys/modules/geom/geom_part/geom_part_mbr/Makefile	geom_part_mbr	candidate	Recognizes and manages legacy MBR disk partitions. Its removal depends on whether HalfBSD intends to support this optional workflow and any remaining consumers.	MAYBE
sys/modules/geom/geom_raid/Makefile	geom_raid	outside default allowlist	Assembles storage arrays using supported hardware-assisted RAID metadata. It serves specialized server or appliance workloads outside the current workstation profile, subject to checking remaining consumers.	YES
sys/modules/geom/geom_raid3/Makefile	geom_raid3	outside default allowlist	Provides GEOM RAID3 storage arrays. It serves specialized server or appliance workloads outside the current workstation profile, subject to checking remaining consumers.	YES
sys/modules/geom/geom_shsec/Makefile	geom_shsec	outside default allowlist	Splits block-device contents across providers using shared-secret storage. It serves specialized server or appliance workloads outside the current workstation profile, subject to checking remaining consumers.	YES
sys/modules/geom/geom_stripe/Makefile	geom_stripe	outside default allowlist	Stripes block I/O across multiple GEOM providers. It serves specialized server or appliance workloads outside the current workstation profile, subject to checking remaining consumers.	YES
sys/modules/geom/geom_union/Makefile	geom_union	candidate	Overlays a writable block device over another provider for image workflows. Its removal depends on whether HalfBSD intends to support this optional workflow and any remaining consumers.	MAYBE
sys/modules/geom/geom_uzip/Makefile	geom_uzip	candidate	Reads compressed block-device images through GEOM. Its removal depends on whether HalfBSD intends to support this optional workflow and any remaining consumers.	MAYBE
sys/modules/geom/geom_virstor/Makefile	geom_virstor	outside default allowlist	Provides virtual storage backed by a pool of GEOM providers. It serves specialized server or appliance workloads outside the current workstation profile, subject to checking remaining consumers.	YES
sys/modules/geom/geom_zero/Makefile	geom_zero	candidate	Provides a synthetic zero-filled GEOM block device. It can be excluded from installed systems, but source removal would reduce testing or diagnostic coverage.	MAYBE
sys/modules/glxiic/Makefile	glxiic	outside default allowlist	Drives the I2C controller on legacy AMD Geode systems. It targets legacy hardware outside the current workstation profile, subject to confirming that no supported machine needs it.	YES
sys/modules/glxsb/Makefile	glxsb	outside default allowlist	Provides AMD Geode cryptographic and random-number hardware support. It targets legacy hardware outside the current workstation profile, subject to confirming that no supported machine needs it.	YES
sys/modules/gpio/gpioaei/Makefile	gpioaei	candidate	Handles ACPI GPIO interrupt events. Keep it because it supports the retained workstation, storage, networking, or virtualization stack.	NO
sys/modules/gpio/gpiobus/Makefile	gpiobus	candidate	Provides the shared GPIO bus framework. Keep it because it supports the retained workstation, storage, networking, or virtualization stack.	NO
sys/modules/gpio/gpioiic/Makefile	gpioiic	candidate	Provides an I2C controller implemented with GPIO pins. Its removal depends on whether HalfBSD intends to support this optional workflow and any remaining consumers.	MAYBE
sys/modules/gpio/gpiokeys/Makefile	gpiokeys	candidate	Exposes GPIO-connected buttons as input events. Its removal depends on whether HalfBSD intends to support this optional workflow and any remaining consumers.	MAYBE
sys/modules/gpio/gpioled/Makefile	gpioled	candidate	Controls LEDs connected to GPIO pins. Its removal depends on whether HalfBSD intends to support this optional workflow and any remaining consumers.	MAYBE
sys/modules/gpio/gpiopps/Makefile	gpiopps	candidate	Captures pulse-per-second timing signals from GPIO pins. Its removal depends on whether HalfBSD intends to support this optional workflow and any remaining consumers.	MAYBE
sys/modules/gpio/gpiospi/Makefile	gpiospi	candidate	Provides an SPI controller implemented with GPIO pins. Its removal depends on whether HalfBSD intends to support this optional workflow and any remaining consumers.	MAYBE
sys/modules/gpio/gpioths/Makefile	gpioths	candidate	Reads supported temperature and humidity sensors connected through GPIO. Its removal depends on whether HalfBSD intends to support this optional workflow and any remaining consumers.	MAYBE
sys/modules/hid/bcm5974/Makefile	bcm5974	candidate	Drives supported Apple multitouch trackpads through the HID input stack. Remove it only if HalfBSD drops the corresponding hardware and its dependent drivers.	MAYBE
sys/modules/hid/hconf/Makefile	hconf	candidate	Provides HID digitizer-configuration support for compatible touchpads. Keep it because it supports the retained workstation, storage, networking, or virtualization stack.	NO
sys/modules/hid/hcons/Makefile	hcons	candidate	Converts HID consumer-control events such as media keys into input events. Keep it because it supports the retained workstation, storage, networking, or virtualization stack.	NO
sys/modules/hid/hgame/Makefile	hgame	candidate	Provides generic HID game-controller input support. Its removal depends on whether HalfBSD intends to support this optional workflow and any remaining consumers.	MAYBE
sys/modules/hid/hid/Makefile	hid	candidate	Provides common Human Interface Device parsing and transport-independent services. Keep it because it supports the retained workstation, storage, networking, or virtualization stack.	NO
sys/modules/hid/hidbus/Makefile	hidbus	candidate	Provides the HID bus used to attach input-device drivers. Keep it because it supports the retained workstation, storage, networking, or virtualization stack.	NO
sys/modules/hid/hidmap/Makefile	hidmap	candidate	Maps HID reports to input events for dependent HID drivers. Keep it because it supports the retained workstation, storage, networking, or virtualization stack.	NO
sys/modules/hid/hidquirk/Makefile	hidquirk	candidate	Provides HID device-quirk handling for incompatible or unusual reports. Keep it because it supports the retained workstation, storage, networking, or virtualization stack.	NO
sys/modules/hid/hidraw/Makefile	hidraw	candidate	Exposes raw HID reports to userspace device software. Keep it because it supports the retained workstation, storage, networking, or virtualization stack.	NO
sys/modules/hid/hkbd/Makefile	hkbd	candidate	Provides keyboard input for HID-bus keyboards. Keep it because it supports the retained workstation, storage, networking, or virtualization stack.	NO
sys/modules/hid/hms/Makefile	hms	candidate	Provides mouse input for HID-bus pointing devices. Keep it because it supports the retained workstation, storage, networking, or virtualization stack.	NO
sys/modules/hid/hmt/Makefile	hmt	candidate	Provides input events for HID multitouch devices. Keep it because it supports the retained workstation, storage, networking, or virtualization stack.	NO
sys/modules/hid/hpen/Makefile	hpen	candidate	Provides input events for HID pen and digitizer devices. Remove it only if HalfBSD drops the corresponding hardware and its dependent drivers.	MAYBE
sys/modules/hid/hsctrl/Makefile	hsctrl	candidate	Handles HID system-control events such as sleep and power keys. Keep it because it supports the retained workstation, storage, networking, or virtualization stack.	NO
sys/modules/hid/ietp/Makefile	ietp	candidate	Drives supported Elantech I2C touchpads. Remove it only if HalfBSD drops the corresponding hardware and its dependent drivers.	MAYBE
sys/modules/hid/ps4dshock/Makefile	ps4dshock	candidate	Drives Sony DualShock 4 game controllers through HID. Its removal depends on whether HalfBSD intends to support this optional workflow and any remaining consumers.	MAYBE
sys/modules/hid/u2f/Makefile	u2f	candidate	Provides HID access for compatible Universal 2nd Factor security tokens. Remove it only if HalfBSD drops the corresponding hardware and its dependent drivers.	MAYBE
sys/modules/hid/xb360gp/Makefile	xb360gp	candidate	Drives supported Xbox 360 game controllers through HID. Its removal depends on whether HalfBSD intends to support this optional workflow and any remaining consumers.	MAYBE
sys/modules/hifn/Makefile	hifn	outside default allowlist	Provides hardware cryptographic acceleration for legacy Hifn adapters. It targets legacy hardware outside the current workstation profile, subject to confirming that no supported machine needs it.	YES
sys/modules/hwpmc/Makefile	hwpmc	candidate	Provides kernel performance-counter management used by profiling tools. Keep it because it supports the retained workstation, storage, networking, or virtualization stack.	NO
sys/modules/hwt/Makefile	hwt	outside default allowlist	Provides the hardware-tracing framework and device interface for trace backends. Its removal depends on whether HalfBSD intends to support this optional workflow and any remaining consumers.	MAYBE
sys/modules/i2c/ads111x/Makefile	ads111x	candidate	Reads Texas Instruments ADS111x analog-to-digital converters. Its removal depends on whether HalfBSD intends to support this optional workflow and any remaining consumers.	MAYBE
sys/modules/i2c/controllers/alpm/Makefile	alpm	candidate	Drives ALi chipset SMBus power-management controllers. It targets legacy hardware outside the current workstation profile, subject to confirming that no supported machine needs it.	YES
sys/modules/i2c/controllers/amdpm/Makefile	amdpm	candidate	Drives older AMD chipset power-management SMBus controllers. Remove it only if HalfBSD drops the corresponding hardware and its dependent drivers.	MAYBE
sys/modules/i2c/controllers/amdsmb/Makefile	amdsmb	candidate	Drives supported AMD SMBus host controllers. Remove it only if HalfBSD drops the corresponding hardware and its dependent drivers.	MAYBE
sys/modules/i2c/controllers/geni_iic/Makefile	geni_iic	candidate	Drives Qualcomm GENI I2C controllers. It belongs to embedded platform support left behind by the ARM removal and has no identified amd64 workstation use.	YES
sys/modules/i2c/controllers/ichiic/Makefile	ig4	candidate	Drives Intel DesignWare-derived I2C controllers used by laptop peripherals. Remove it only if HalfBSD drops the corresponding hardware and its dependent drivers.	MAYBE
sys/modules/i2c/controllers/ichsmb/Makefile	ichsmb	candidate	Drives Intel ICH-family SMBus host controllers. Remove it only if HalfBSD drops the corresponding hardware and its dependent drivers.	MAYBE
sys/modules/i2c/controllers/iicoc/Makefile	iicoc	candidate	Drives OpenCores I2C controllers. Its removal depends on whether HalfBSD intends to support this optional workflow and any remaining consumers.	MAYBE
sys/modules/i2c/controllers/imcsmb/Makefile	imcsmb	candidate	Drives SMBus controllers integrated into supported Intel memory controllers. Remove it only if HalfBSD drops the corresponding hardware and its dependent drivers.	MAYBE
sys/modules/i2c/controllers/intpm/Makefile	intpm	candidate	Drives older Intel PIIX4 power-management SMBus controllers. It targets legacy hardware outside the current workstation profile, subject to confirming that no supported machine needs it.	YES
sys/modules/i2c/controllers/ismt/Makefile	ismt	candidate	Drives Intel SMBus Message Transport controllers. Remove it only if HalfBSD drops the corresponding hardware and its dependent drivers.	MAYBE
sys/modules/i2c/controllers/nfsmb/Makefile	nfsmb	candidate	Drives NVIDIA nForce SMBus controllers. Remove it only if HalfBSD drops the corresponding hardware and its dependent drivers.	MAYBE
sys/modules/i2c/controllers/pcf/Makefile	pcf	candidate	Drives Philips PCF8584 I2C controllers. Its removal depends on whether HalfBSD intends to support this optional workflow and any remaining consumers.	MAYBE
sys/modules/i2c/controllers/viapm/Makefile	viapm	candidate	Drives VIA chipset power-management SMBus controllers. Remove it only if HalfBSD drops the corresponding hardware and its dependent drivers.	MAYBE
sys/modules/i2c/cyapa/Makefile	cyapa	candidate	Drives supported Cypress I2C touchpads. Remove it only if HalfBSD drops the corresponding hardware and its dependent drivers.	MAYBE
sys/modules/i2c/ds1307/Makefile	ds1307	candidate	Drives Dallas and Maxim DS1307-compatible I2C real-time clocks. Its removal depends on whether HalfBSD intends to support this optional workflow and any remaining consumers.	MAYBE
sys/modules/i2c/ds13rtc/Makefile	ds13rtc	candidate	Drives supported Dallas and Maxim DS13-series I2C real-time clocks. Its removal depends on whether HalfBSD intends to support this optional workflow and any remaining consumers.	MAYBE
sys/modules/i2c/ds1672/Makefile	ds1672	candidate	Drives Dallas DS1672 I2C real-time clocks. Its removal depends on whether HalfBSD intends to support this optional workflow and any remaining consumers.	MAYBE
sys/modules/i2c/ds3231/Makefile	ds3231	candidate	Drives Maxim DS3231 I2C real-time clocks. Its removal depends on whether HalfBSD intends to support this optional workflow and any remaining consumers.	MAYBE
sys/modules/i2c/htu21/Makefile	htu21	candidate	Reads supported HTU21 temperature and humidity sensors. Its removal depends on whether HalfBSD intends to support this optional workflow and any remaining consumers.	MAYBE
sys/modules/i2c/hym8563/Makefile	hym8563	candidate	Drives HYM8563 I2C real-time clocks. Its removal depends on whether HalfBSD intends to support this optional workflow and any remaining consumers.	MAYBE
sys/modules/i2c/icee/Makefile	icee	candidate	Provides access to supported I2C EEPROM devices. Its removal depends on whether HalfBSD intends to support this optional workflow and any remaining consumers.	MAYBE
sys/modules/i2c/if_ic/Makefile	if_ic	candidate	Provides an IP network interface over an I2C bus. It serves specialized server or appliance workloads outside the current workstation profile, subject to checking remaining consumers.	YES
sys/modules/i2c/iic/Makefile	iic	candidate	Provides userspace access to I2C transactions through a device interface. Its removal depends on whether HalfBSD intends to support this optional workflow and any remaining consumers.	MAYBE
sys/modules/i2c/iicbb/Makefile	iicbb	candidate	Provides bit-banged I2C bus support for dependent controllers. Remove it only if HalfBSD drops the corresponding hardware and its dependent drivers.	MAYBE
sys/modules/i2c/iicbus/Makefile	iicbus	candidate	Provides the shared I2C bus framework used by controllers and peripherals. Keep it because it supports the retained workstation, storage, networking, or virtualization stack.	NO
sys/modules/i2c/iichid/Makefile	iichid	candidate	Transports HID reports from I2C devices such as laptop touchpads. Keep it because it supports the retained workstation, storage, networking, or virtualization stack.	NO
sys/modules/i2c/iicsmb/Makefile	iicsmb	candidate	Bridges SMBus operations onto compatible I2C buses. Remove it only if HalfBSD drops the corresponding hardware and its dependent drivers.	MAYBE
sys/modules/i2c/isl/Makefile	isl	candidate	Reads supported Intersil ambient-light sensors. Remove it only if HalfBSD drops the corresponding hardware and its dependent drivers.	MAYBE
sys/modules/i2c/isl12xx/Makefile	isl12xx	candidate	Drives supported Intersil ISL12xx I2C real-time clocks. Its removal depends on whether HalfBSD intends to support this optional workflow and any remaining consumers.	MAYBE
sys/modules/i2c/jedec_dimm/Makefile	jedec_dimm	candidate	Reads memory-module information and sensors through JEDEC DIMM interfaces. Remove it only if HalfBSD drops the corresponding hardware and its dependent drivers.	MAYBE
sys/modules/i2c/max44009/Makefile	max44009	candidate	Reads MAX44009 ambient-light sensors. Remove it only if HalfBSD drops the corresponding hardware and its dependent drivers.	MAYBE
sys/modules/i2c/mux/iic_gpiomux/Makefile	iic_gpiomux	candidate	Selects I2C bus segments through GPIO-controlled multiplexers. Its removal depends on whether HalfBSD intends to support this optional workflow and any remaining consumers.	MAYBE
sys/modules/i2c/mux/iicmux/Makefile	iicmux	candidate	Provides the shared framework for I2C bus multiplexers. Remove it only if HalfBSD drops the corresponding hardware and its dependent drivers.	MAYBE
sys/modules/i2c/mux/ltc430x/Makefile	ltc430x	candidate	Drives supported LTC430x I2C bus multiplexers. Its removal depends on whether HalfBSD intends to support this optional workflow and any remaining consumers.	MAYBE
sys/modules/i2c/mux/pca954x/Makefile	pca954x	candidate	Drives supported PCA954x I2C bus multiplexers. Its removal depends on whether HalfBSD intends to support this optional workflow and any remaining consumers.	MAYBE
sys/modules/i2c/nxprtc/Makefile	nxprtc	candidate	Drives supported NXP I2C real-time clocks. Its removal depends on whether HalfBSD intends to support this optional workflow and any remaining consumers.	MAYBE
sys/modules/i2c/pcf8574/Makefile	pcf8574	candidate	Drives PCF8574 I2C GPIO expanders. Its removal depends on whether HalfBSD intends to support this optional workflow and any remaining consumers.	MAYBE
sys/modules/i2c/pcf8591/Makefile	pcf8591	candidate	Drives PCF8591 I2C analog converters. Its removal depends on whether HalfBSD intends to support this optional workflow and any remaining consumers.	MAYBE
sys/modules/i2c/rtc8583/Makefile	rtc8583	candidate	Drives PCF8583-compatible I2C real-time clocks. Its removal depends on whether HalfBSD intends to support this optional workflow and any remaining consumers.	MAYBE
sys/modules/i2c/rv3032/Makefile	rv3032	candidate	Drives RV-3032 I2C real-time clocks. Its removal depends on whether HalfBSD intends to support this optional workflow and any remaining consumers.	MAYBE
sys/modules/i2c/rx8803/Makefile	rx8803	candidate	Drives RX-8803 I2C real-time clocks. Its removal depends on whether HalfBSD intends to support this optional workflow and any remaining consumers.	MAYBE
sys/modules/i2c/s35390a/Makefile	s35390a	candidate	Drives S-35390A I2C real-time clocks. Its removal depends on whether HalfBSD intends to support this optional workflow and any remaining consumers.	MAYBE
sys/modules/i2c/smb/Makefile	smb	candidate	Provides userspace access to SMBus transactions through a device interface. Its removal depends on whether HalfBSD intends to support this optional workflow and any remaining consumers.	MAYBE
sys/modules/i2c/smbus/Makefile	smbus	candidate	Provides the shared SMBus framework used by chipset and sensor drivers. Keep it because it supports the retained workstation, storage, networking, or virtualization stack.	NO
sys/modules/i2c/tca64xx/Makefile	tca64xx	candidate	Drives supported TCA64xx I2C GPIO expanders. Its removal depends on whether HalfBSD intends to support this optional workflow and any remaining consumers.	MAYBE
sys/modules/i2c/tmp461/Makefile	tmp461	candidate	Reads TMP461 temperature sensors. Remove it only if HalfBSD drops the corresponding hardware and its dependent drivers.	MAYBE
sys/modules/iavf/Makefile	if_iavf	candidate	Drives Intel adaptive virtual-function Ethernet adapters. Remove it only if HalfBSD drops the corresponding hardware and its dependent drivers.	MAYBE
sys/modules/ice/Makefile	if_ice	candidate	Drives Intel E800-series Ethernet adapters. Remove it only if HalfBSD drops the corresponding hardware and its dependent drivers.	MAYBE
sys/modules/ice_ddp/Makefile	ice_ddp	candidate	Contains Dynamic Device Personalization firmware for supported Intel E800-series Ethernet adapters. Remove it only together with the matching hardware support, since its driver may require this firmware to operate.	MAYBE
sys/modules/ichwd/Makefile	ichwd	candidate	Drives watchdog timers in supported Intel ICH and related chipsets. Remove it only if HalfBSD drops the corresponding hardware and its dependent drivers.	MAYBE
sys/modules/if_bridge/Makefile	if_bridge	candidate	Connects Ethernet interfaces through a software bridge used for guest and jail networking. Keep it because it supports the retained workstation, storage, networking, or virtualization stack.	NO
sys/modules/if_cgem/Makefile	if_cgem	outside default allowlist	Drives Cadence GEM Ethernet adapters. It belongs to embedded platform support left behind by the ARM removal and has no identified amd64 workstation use.	YES
sys/modules/if_disc/Makefile	if_disc	candidate	Provides a packet-discard interface for protocol testing. It can be excluded from installed systems, but source removal would reduce testing or diagnostic coverage.	MAYBE
sys/modules/if_edsc/Makefile	if_edsc	outside default allowlist	Provides an Ethernet-style discard interface for VLAN and protocol testing. It can be excluded from installed systems, but source removal would reduce testing or diagnostic coverage.	MAYBE
sys/modules/if_enc/Makefile	if_enc	candidate	Exposes IPsec encapsulation traffic for filtering and packet capture. Its removal depends on whether HalfBSD intends to support this optional workflow and any remaining consumers.	MAYBE
sys/modules/if_epair/Makefile	if_epair	candidate	Creates paired Ethernet interfaces commonly used to connect VNET jails. Keep it because it supports the retained workstation, storage, networking, or virtualization stack.	NO
sys/modules/if_gif/Makefile	if_gif	candidate	Provides generic IP-over-IP tunnel interfaces. Its removal depends on whether HalfBSD intends to support this optional workflow and any remaining consumers.	MAYBE
sys/modules/if_gre/Makefile	if_gre	candidate	Provides Generic Routing Encapsulation tunnel interfaces. Its removal depends on whether HalfBSD intends to support this optional workflow and any remaining consumers.	MAYBE
sys/modules/if_lagg/Makefile	if_lagg	candidate	Combines network interfaces for link aggregation or failover. Its removal depends on whether HalfBSD intends to support this optional workflow and any remaining consumers.	MAYBE
sys/modules/if_me/Makefile	if_me	outside default allowlist	Provides minimal-encapsulation IPv4 tunnel interfaces. Its removal depends on whether HalfBSD intends to support this optional workflow and any remaining consumers.	MAYBE
sys/modules/if_ovpn/Makefile	if_ovpn	candidate	Provides kernel data-channel offload for OpenVPN connections. Its removal depends on whether HalfBSD intends to support this optional workflow and any remaining consumers.	MAYBE
sys/modules/if_stf/Makefile	if_stf	candidate	Provides an IPv6-over-IPv4 6to4 tunnel interface. Its removal depends on whether HalfBSD intends to support this optional workflow and any remaining consumers.	MAYBE
sys/modules/if_tuntap/Makefile	if_tuntap	candidate	Provides tunnel and Ethernet TAP interfaces used by VPNs and virtual-machine networking. Keep it because it supports the retained workstation, storage, networking, or virtualization stack.	NO
sys/modules/if_vlan/Makefile	if_vlan	candidate	Provides IEEE 802.1Q VLAN interfaces for physical and virtual networking. Keep it because it supports the retained workstation, storage, networking, or virtualization stack.	NO
sys/modules/if_vxlan/Makefile	if_vxlan	candidate	Provides VXLAN Ethernet overlays over UDP. Its removal depends on whether HalfBSD intends to support this optional workflow and any remaining consumers.	MAYBE
sys/modules/if_wg/Makefile	if_wg	candidate	Implements the WireGuard VPN interface in the kernel. Keep it because it supports the retained workstation, storage, networking, or virtualization stack.	NO
sys/modules/iflib/Makefile	iflib	candidate	Provides shared infrastructure for supported PCI Ethernet drivers. Keep it because it supports the retained workstation, storage, networking, or virtualization stack.	NO
sys/modules/igc/Makefile	if_igc	candidate	Drives Intel I225 and I226 Ethernet adapters. Remove it only if HalfBSD drops the corresponding hardware and its dependent drivers.	MAYBE
sys/modules/imgact_binmisc/Makefile	imgact_binmisc	outside default allowlist	Runs foreign-format executables through configured interpreters such as emulators. Its removal depends on whether HalfBSD intends to support this optional workflow and any remaining consumers.	MAYBE
sys/modules/intelspi/Makefile	intelspi	candidate	Provides access to supported Intel chipset SPI flash controllers. Remove it only if HalfBSD drops the corresponding hardware and its dependent drivers.	MAYBE
sys/modules/io/Makefile	io	candidate	Provides privileged direct I/O-port access for userspace consumers. Its removal depends on whether HalfBSD intends to support this optional workflow and any remaining consumers.	MAYBE
sys/modules/ioat/Makefile	ioat	outside default allowlist	Drives Intel I/O Acceleration Technology DMA engines. Remove it only if HalfBSD drops the corresponding hardware and its dependent drivers.	MAYBE
sys/modules/ip6_mroute_mod/Makefile	ip6_mroute	outside default allowlist	Provides kernel IPv6 multicast-routing support. It serves specialized server or appliance workloads outside the current workstation profile, subject to checking remaining consumers.	YES
sys/modules/ip_mroute_mod/Makefile	ip_mroute	outside default allowlist	Provides kernel IPv4 multicast-routing support. It serves specialized server or appliance workloads outside the current workstation profile, subject to checking remaining consumers.	YES
sys/modules/ipdivert/Makefile	ipdivert	candidate	Provides divert sockets that hand packets between IPFW and userspace services. Check firewall and packet-processing consumers before removing this optional IPFW interface.	MAYBE
sys/modules/ipfw/Makefile	ipfw	candidate	Implements the IPFW packet filter required by the HalfBSD firewall policy. Keep it because the platform firewall and its retained NAT and traffic-control modules depend on it.	NO
sys/modules/ipfw_nat/Makefile	ipfw_nat	candidate	Adds IPv4 network address translation to IPFW through libalias. Keep it for the retained firewall and guest-networking workflows that use IPv4 NAT.	NO
sys/modules/ipfw_nat64/Makefile	ipfw_nat64	candidate	Adds IPv6-to-IPv4 translation facilities to IPFW. Its removal depends on whether HalfBSD intends to support this optional workflow and any remaining consumers.	MAYBE
sys/modules/ipfw_nptv6/Makefile	ipfw_nptv6	candidate	Adds IPv6 network-prefix translation facilities to IPFW. Its removal depends on whether HalfBSD intends to support this optional workflow and any remaining consumers.	MAYBE
sys/modules/ipfw_pmod/Makefile	ipfw_pmod	candidate	Adds packet-modification facilities such as TCP MSS adjustment to IPFW. Its removal depends on whether HalfBSD intends to support this optional workflow and any remaining consumers.	MAYBE
sys/modules/ipmi/Makefile	ipmi	outside default allowlist	Provides the Intelligent Platform Management Interface for compatible system management hardware. It serves specialized server or appliance workloads outside the current workstation profile, subject to checking remaining consumers.	YES
sys/modules/ipmi/ipmi_linux/Makefile	ipmi_linux	outside default allowlist	Provides Linux ioctl compatibility for IPMI management devices. It serves specialized server or appliance workloads outside the current workstation profile, subject to checking remaining consumers.	YES
sys/modules/ipsec/Makefile	ipsec	candidate	Provides kernel IPsec processing for authenticated and encrypted IP networking. Its removal depends on whether HalfBSD intends to support this optional workflow and any remaining consumers.	MAYBE
sys/modules/isci/Makefile	isci	candidate	Drives Intel integrated SAS storage controllers. Remove it only if HalfBSD drops the corresponding hardware and its dependent drivers.	MAYBE
sys/modules/itwd/Makefile	itwd	candidate	Drives watchdog timers in supported ITE Super I/O controllers. Remove it only if HalfBSD drops the corresponding hardware and its dependent drivers.	MAYBE
sys/modules/iwlwifi/Makefile	if_iwlwifi	candidate	Drives supported Intel wireless adapters through LinuxKPI. Keep it while its wireless hardware remains supported, including any matching firmware and framework dependencies.	MAYBE
sys/modules/iwm/Makefile	if_iwm	candidate	Drives supported Intel 7000, 8000, and 9000-series wireless adapters. Keep it while its wireless hardware remains supported, including any matching firmware and framework dependencies.	MAYBE
sys/modules/iwn/Makefile	if_iwn	candidate	Drives older Intel wireless adapters including 4965 and supported 5000/6000-series models. Keep it while its wireless hardware remains supported, including any matching firmware and framework dependencies.	MAYBE
sys/modules/iwnfw/iwn100/Makefile	iwn100fw	candidate	Contains the Intel 100 wireless firmware used by the iwn driver. Remove it only together with the matching hardware support, since its driver may require this firmware to operate.	MAYBE
sys/modules/iwnfw/iwn1000/Makefile	iwn1000fw	candidate	Contains the Intel 1000 wireless firmware used by the iwn driver. Remove it only together with the matching hardware support, since its driver may require this firmware to operate.	MAYBE
sys/modules/iwnfw/iwn105/Makefile	iwn105fw	candidate	Contains the Intel 105 wireless firmware used by the iwn driver. Remove it only together with the matching hardware support, since its driver may require this firmware to operate.	MAYBE
sys/modules/iwnfw/iwn135/Makefile	iwn135fw	candidate	Contains the Intel 135 wireless firmware used by the iwn driver. Remove it only together with the matching hardware support, since its driver may require this firmware to operate.	MAYBE
sys/modules/iwnfw/iwn2000/Makefile	iwn2000fw	candidate	Contains the Intel 2000 wireless firmware used by the iwn driver. Remove it only together with the matching hardware support, since its driver may require this firmware to operate.	MAYBE
sys/modules/iwnfw/iwn2030/Makefile	iwn2030fw	candidate	Contains the Intel 2030 wireless firmware used by the iwn driver. Remove it only together with the matching hardware support, since its driver may require this firmware to operate.	MAYBE
sys/modules/iwnfw/iwn4965/Makefile	iwn4965fw	candidate	Contains the Intel 4965 wireless firmware used by the iwn driver. Remove it only together with the matching hardware support, since its driver may require this firmware to operate.	MAYBE
sys/modules/iwnfw/iwn5000/Makefile	iwn5000fw	candidate	Contains the Intel 5000 wireless firmware used by the iwn driver. Remove it only together with the matching hardware support, since its driver may require this firmware to operate.	MAYBE
sys/modules/iwnfw/iwn5150/Makefile	iwn5150fw	candidate	Contains the Intel 5150 wireless firmware used by the iwn driver. Remove it only together with the matching hardware support, since its driver may require this firmware to operate.	MAYBE
sys/modules/iwnfw/iwn6000/Makefile	iwn6000fw	candidate	Contains the Intel 6000 wireless firmware used by the iwn driver. Remove it only together with the matching hardware support, since its driver may require this firmware to operate.	MAYBE
sys/modules/iwnfw/iwn6000g2a/Makefile	iwn6000g2afw	candidate	Contains the Intel 6000g2a wireless firmware used by the iwn driver. Remove it only together with the matching hardware support, since its driver may require this firmware to operate.	MAYBE
sys/modules/iwnfw/iwn6000g2b/Makefile	iwn6000g2bfw	candidate	Contains the Intel 6000g2b wireless firmware used by the iwn driver. Remove it only together with the matching hardware support, since its driver may require this firmware to operate.	MAYBE
sys/modules/iwnfw/iwn6050/Makefile	iwn6050fw	candidate	Contains the Intel 6050 wireless firmware used by the iwn driver. Remove it only together with the matching hardware support, since its driver may require this firmware to operate.	MAYBE
sys/modules/iwx/Makefile	if_iwx	candidate	Drives supported newer Intel wireless adapters through the native iwx implementation. Keep it while its wireless hardware remains supported, including any matching firmware and framework dependencies.	MAYBE
sys/modules/ix/Makefile	if_ix	candidate	Drives Intel 10-Gigabit Ethernet adapters. Remove it only if HalfBSD drops the corresponding hardware and its dependent drivers.	MAYBE
sys/modules/ixl/Makefile	if_ixl	candidate	Drives Intel XL710-family Ethernet adapters. Remove it only if HalfBSD drops the corresponding hardware and its dependent drivers.	MAYBE
sys/modules/ixv/Makefile	if_ixv	candidate	Drives Intel 10-Gigabit Ethernet virtual-function adapters. Remove it only if HalfBSD drops the corresponding hardware and its dependent drivers.	MAYBE
sys/modules/jme/Makefile	if_jme	candidate	Drives JMicron JMC250 and JMC260 Ethernet adapters. Remove it only if HalfBSD drops the corresponding hardware and its dependent drivers.	MAYBE
sys/modules/kbdmux/Makefile	kbdmux	candidate	Combines keyboard devices into a common console keyboard interface. Keep it because it supports the retained workstation, storage, networking, or virtualization stack.	NO
sys/modules/khelp/h_ertt/Makefile	h_ertt	candidate	Provides enhanced TCP round-trip-time measurement through the kernel helper framework. Its removal depends on whether HalfBSD intends to support this optional workflow and any remaining consumers.	MAYBE
sys/modules/ksyms/Makefile	ksyms	candidate	Exposes kernel symbol information to debugging and inspection tools. Its removal depends on whether HalfBSD intends to support this optional workflow and any remaining consumers.	MAYBE
sys/modules/ktest/ktest/Makefile	ktest	outside default allowlist	Provides the in-kernel test framework. It can be excluded from installed systems, but source removal would reduce testing or diagnostic coverage.	MAYBE
sys/modules/ktest/ktest_example/Makefile	ktest_example	outside default allowlist	Provides an example suite for the kernel test framework. It can be excluded from installed systems, but source removal would reduce testing or diagnostic coverage.	MAYBE
sys/modules/ktest/ktest_netlink_message_writer/Makefile	ktest_netlink_message_writer	outside default allowlist	Tests the kernel Netlink message-writer implementation. It can be excluded from installed systems, but source removal would reduce testing or diagnostic coverage.	MAYBE
sys/modules/lge/Makefile	if_lge	outside default allowlist	Drives Level One LXT1001 Gigabit Ethernet adapters. It targets legacy hardware outside the current workstation profile, subject to confirming that no supported machine needs it.	YES
sys/modules/libalias/libalias/Makefile	libalias	candidate	Provides packet aliasing and address-translation routines used by IPFW NAT. Keep it because it supports the retained workstation, storage, networking, or virtualization stack.	NO
sys/modules/libalias/modules/dummy/Makefile	alias_dummy	candidate	Provides a dummy packet-aliasing helper for development. It can be excluded from installed systems, but source removal would reduce testing or diagnostic coverage.	MAYBE
sys/modules/libalias/modules/ftp/Makefile	alias_ftp	candidate	Rewrites FTP control traffic for libalias address translation. Its removal depends on whether HalfBSD intends to support this optional workflow and any remaining consumers.	MAYBE
sys/modules/libalias/modules/irc/Makefile	alias_irc	candidate	Rewrites IRC DCC control traffic for libalias address translation. Its removal depends on whether HalfBSD intends to support this optional workflow and any remaining consumers.	MAYBE
sys/modules/libalias/modules/nbt/Makefile	alias_nbt	candidate	Rewrites NetBIOS traffic for libalias address translation. Its removal depends on whether HalfBSD intends to support this optional workflow and any remaining consumers.	MAYBE
sys/modules/libalias/modules/pptp/Makefile	alias_pptp	candidate	Tracks PPTP control traffic for libalias address translation. Its removal depends on whether HalfBSD intends to support this optional workflow and any remaining consumers.	MAYBE
sys/modules/libalias/modules/skinny/Makefile	alias_skinny	candidate	Rewrites Cisco Skinny signaling for libalias address translation. Its removal depends on whether HalfBSD intends to support this optional workflow and any remaining consumers.	MAYBE
sys/modules/libalias/modules/smedia/Makefile	alias_smedia	candidate	Rewrites streaming-media control traffic for libalias address translation. Its removal depends on whether HalfBSD intends to support this optional workflow and any remaining consumers.	MAYBE
sys/modules/libiconv/Makefile	libiconv	candidate	Provides kernel character-set conversion services for filesystem consumers. Keep it because it supports the retained workstation, storage, networking, or virtualization stack.	NO
sys/modules/libmchain/Makefile	libmchain	candidate	Provides mbuf-chain construction and parsing helpers exported to kernel consumers. No remaining in-tree caller was identified in the source scan, so verify external consumers before removing this library.	MAYBE
sys/modules/lindebugfs/Makefile	lindebugfs	candidate	Provides Linux-style debug filesystem support for LinuxKPI driver consumers. Keep it because it supports the retained workstation, storage, networking, or virtualization stack.	NO
sys/modules/linprocfs/Makefile	linprocfs	candidate	Provides Linux-compatible process information for Linux applications. Keep it because it supports the retained workstation, storage, networking, or virtualization stack.	NO
sys/modules/linsysfs/Makefile	linsysfs	candidate	Provides Linux-compatible system and device information for Linux applications. Keep it because it supports the retained workstation, storage, networking, or virtualization stack.	NO
sys/modules/linux/Makefile	linux	candidate	Implements the 32-bit Linux execution environment on retained x86 platforms. Keep it because it supports the retained workstation, storage, networking, or virtualization stack.	NO
sys/modules/linux64/Makefile	linux64	candidate	Implements the 64-bit Linux execution environment on amd64. Keep it because it supports the retained workstation, storage, networking, or virtualization stack.	NO
sys/modules/linux_common/Makefile	linux_common	candidate	Provides shared kernel services used by Linux compatibility implementations. Keep it because it supports the retained workstation, storage, networking, or virtualization stack.	NO
sys/modules/linuxkpi/Makefile	linuxkpi	candidate	Provides Linux kernel interfaces needed by imported drivers and external graphics modules. Keep it because it supports the retained workstation, storage, networking, or virtualization stack.	NO
sys/modules/linuxkpi_hdmi/Makefile	linuxkpi_hdmi	candidate	Provides HDMI helpers for LinuxKPI graphics-driver consumers. Keep it because it supports the retained workstation, storage, networking, or virtualization stack.	NO
sys/modules/linuxkpi_video/Makefile	linuxkpi_video	candidate	Provides video and display helpers for LinuxKPI graphics-driver consumers. Keep it because it supports the retained workstation, storage, networking, or virtualization stack.	NO
sys/modules/linuxkpi_wlan/Makefile	linuxkpi_wlan	candidate	Provides Linux wireless interfaces used by imported Wi-Fi drivers. Keep it because it supports the retained workstation, storage, networking, or virtualization stack.	NO
sys/modules/lio/Makefile	if_lio	outside default allowlist	Drives Cavium LiquidIO Ethernet adapters. It serves specialized server or appliance workloads outside the current workstation profile, subject to checking remaining consumers.	YES
sys/modules/mac_biba/Makefile	mac_biba	outside default allowlist	Enforces a Biba integrity-label policy. Its removal depends on whether HalfBSD intends to support this optional workflow and any remaining consumers.	MAYBE
sys/modules/mac_bsdextended/Makefile	mac_bsdextended	outside default allowlist	Applies extended filesystem access rules using user and group identities. Its removal depends on whether HalfBSD intends to support this optional workflow and any remaining consumers.	MAYBE
sys/modules/mac_ddb/Makefile	mac_ddb	outside default allowlist	Restricts access to the kernel debugger using MAC policy. Its removal depends on whether HalfBSD intends to support this optional workflow and any remaining consumers.	MAYBE
sys/modules/mac_do/Makefile	mac_do	outside default allowlist	Supports controlled identity transitions for the mdo utility. Its removal depends on whether HalfBSD intends to support this optional workflow and any remaining consumers.	MAYBE
sys/modules/mac_ifoff/Makefile	mac_ifoff	outside default allowlist	Restricts network-interface operation using MAC policy. Its removal depends on whether HalfBSD intends to support this optional workflow and any remaining consumers.	MAYBE
sys/modules/mac_ipacl/Makefile	mac_ipacl	outside default allowlist	Restricts which IPv4 and IPv6 interface addresses VNET jails may configure. Its removal depends on whether HalfBSD intends to support this optional workflow and any remaining consumers.	MAYBE
sys/modules/mac_lomac/Makefile	mac_lomac	outside default allowlist	Enforces a low-watermark integrity policy. Its removal depends on whether HalfBSD intends to support this optional workflow and any remaining consumers.	MAYBE
sys/modules/mac_mls/Makefile	mac_mls	outside default allowlist	Enforces multilevel-security confidentiality labels. Its removal depends on whether HalfBSD intends to support this optional workflow and any remaining consumers.	MAYBE
sys/modules/mac_none/Makefile	mac_none	outside default allowlist	Provides a no-op MAC policy for framework development. It can be excluded from installed systems, but source removal would reduce testing or diagnostic coverage.	MAYBE
sys/modules/mac_ntpd/Makefile	mac_ntpd	outside default allowlist	Grants narrowly scoped privileges needed by the NTP daemon. Its removal depends on whether HalfBSD intends to support this optional workflow and any remaining consumers.	MAYBE
sys/modules/mac_partition/Makefile	mac_partition	outside default allowlist	Partitions process visibility and access using security labels. Its removal depends on whether HalfBSD intends to support this optional workflow and any remaining consumers.	MAYBE
sys/modules/mac_pimd/Makefile	mac_pimd	outside default allowlist	Grants narrowly scoped privileges needed by multicast-routing daemons. It serves specialized server or appliance workloads outside the current workstation profile, subject to checking remaining consumers.	YES
sys/modules/mac_portacl/Makefile	mac_portacl	outside default allowlist	Controls which users and groups may bind network ports. Its removal depends on whether HalfBSD intends to support this optional workflow and any remaining consumers.	MAYBE
sys/modules/mac_priority/Makefile	mac_priority	outside default allowlist	Controls access to process-priority changes. Its removal depends on whether HalfBSD intends to support this optional workflow and any remaining consumers.	MAYBE
sys/modules/mac_seeotheruids/Makefile	mac_seeotheruids	outside default allowlist	Restricts process visibility across user identities. Its removal depends on whether HalfBSD intends to support this optional workflow and any remaining consumers.	MAYBE
sys/modules/mac_stub/Makefile	mac_stub	outside default allowlist	Provides a stub MAC policy as a development example. It can be excluded from installed systems, but source removal would reduce testing or diagnostic coverage.	MAYBE
sys/modules/mac_test/Makefile	mac_test	outside default allowlist	Exercises MAC hooks and label handling for framework testing. It can be excluded from installed systems, but source removal would reduce testing or diagnostic coverage.	MAYBE
sys/modules/mac_veriexec/Makefile	mac_veriexec	outside default allowlist	Integrates verified-execution enforcement with the MAC framework. Its removal depends on whether HalfBSD intends to support this optional workflow and any remaining consumers.	MAYBE
sys/modules/mac_veriexec_sha1/Makefile	mac_veriexec_sha1	outside default allowlist	Provides SHA-1 fingerprints for verified-execution metadata. Its removal depends on whether HalfBSD intends to support this optional workflow and any remaining consumers.	MAYBE
sys/modules/mac_veriexec_sha256/Makefile	mac_veriexec_sha256	outside default allowlist	Provides SHA-256 fingerprints for verified-execution metadata. Its removal depends on whether HalfBSD intends to support this optional workflow and any remaining consumers.	MAYBE
sys/modules/mac_veriexec_sha384/Makefile	mac_veriexec_sha384	outside default allowlist	Provides SHA-384 fingerprints for verified-execution metadata. Its removal depends on whether HalfBSD intends to support this optional workflow and any remaining consumers.	MAYBE
sys/modules/mac_veriexec_sha512/Makefile	mac_veriexec_sha512	outside default allowlist	Provides SHA-512 fingerprints for verified-execution metadata. Its removal depends on whether HalfBSD intends to support this optional workflow and any remaining consumers.	MAYBE
sys/modules/md/Makefile	geom_md	candidate	Provides memory-backed and file-backed disk devices used for images, installation, and testing. Keep it because it supports the retained workstation, storage, networking, or virtualization stack.	NO
sys/modules/mdio/Makefile	mdio	candidate	Provides shared access to management registers on Ethernet PHY devices. Keep it because it supports the retained workstation, storage, networking, or virtualization stack.	NO
sys/modules/mem/Makefile	mem	candidate	Provides privileged access to physical and kernel memory through memory devices. Keep it because it supports the retained workstation, storage, networking, or virtualization stack.	NO
sys/modules/mfi/Makefile	mfi	outside default allowlist	Drives LSI MegaRAID storage controllers using the older firmware interface. It serves specialized server or appliance workloads outside the current workstation profile, subject to checking remaining consumers.	YES
sys/modules/mfi/mfi_linux/Makefile	mfi_linux	outside default allowlist	Provides Linux ioctl compatibility for its associated MegaRAID storage driver. It serves specialized server or appliance workloads outside the current workstation profile, subject to checking remaining consumers.	YES
sys/modules/mfi/mfip/Makefile	mfip	outside default allowlist	Exposes physical disks behind an MFI controller through CAM passthrough. It serves specialized server or appliance workloads outside the current workstation profile, subject to checking remaining consumers.	YES
sys/modules/mgb/Makefile	if_mgb	candidate	Drives Microchip LAN743x Gigabit Ethernet adapters. Remove it only if HalfBSD drops the corresponding hardware and its dependent drivers.	MAYBE
sys/modules/mii/Makefile	miibus	candidate	Provides the MII bus and Ethernet PHY support used by network drivers. Keep it because it supports the retained workstation, storage, networking, or virtualization stack.	NO
sys/modules/miiproxy/Makefile	miiproxy	outside default allowlist	Provides a proxy attachment for accessing an MII bus through another device. Remove it only if HalfBSD drops the corresponding hardware and its dependent drivers.	MAYBE
sys/modules/mmc/Makefile	mmc	candidate	Provides the MMC and SD bus framework used by storage and SDIO devices. Keep it because it supports the retained workstation, storage, networking, or virtualization stack.	NO
sys/modules/mmcnull/Makefile	mmcnull	outside default allowlist	Provides a synthetic MMC host for development and testing. It can be excluded from installed systems, but source removal would reduce testing or diagnostic coverage.	MAYBE
sys/modules/mmcsd/Makefile	mmcsd	candidate	Exposes MMC and SD storage cards as block devices. Keep it because it supports the retained workstation, storage, networking, or virtualization stack.	NO
sys/modules/mpi3mr/Makefile	mpi3mr	candidate	Drives Broadcom MPI3 SAS storage controllers. Remove it only if HalfBSD drops the corresponding hardware and its dependent drivers.	MAYBE
sys/modules/mpr/Makefile	mpr	candidate	Drives LSI and Broadcom Fusion-MPT SAS3 storage controllers. Remove it only if HalfBSD drops the corresponding hardware and its dependent drivers.	MAYBE
sys/modules/mps/Makefile	mps	candidate	Drives LSI Fusion-MPT SAS2 storage controllers. Remove it only if HalfBSD drops the corresponding hardware and its dependent drivers.	MAYBE
sys/modules/mpt/Makefile	mpt	outside default allowlist	Drives Older LSI Fusion-MPT SCSI and SAS controllers. It targets legacy hardware outside the current workstation profile, subject to confirming that no supported machine needs it.	YES
sys/modules/mqueue/Makefile	mqueuefs	candidate	Provides POSIX message-queue kernel support and its filesystem interface. Keep it because it supports the retained workstation, storage, networking, or virtualization stack.	NO
sys/modules/mrsas/Makefile	mrsas	outside default allowlist	Drives LSI and Broadcom MegaRAID SAS storage controllers. It serves specialized server or appliance workloads outside the current workstation profile, subject to checking remaining consumers.	YES
sys/modules/mrsas/mrsas_linux/Makefile	mrsas_linux	outside default allowlist	Provides Linux ioctl compatibility for its associated MegaRAID storage driver. It serves specialized server or appliance workloads outside the current workstation profile, subject to checking remaining consumers.	YES
sys/modules/msdosfs/Makefile	msdosfs	candidate	Reads and writes FAT filesystems used by EFI partitions and removable media. Keep it because it supports the retained workstation, storage, networking, or virtualization stack.	NO
sys/modules/msdosfs_iconv/Makefile	msdosfs_iconv	candidate	Adds character-set conversion for FAT filesystem filenames. Its removal depends on whether HalfBSD intends to support this optional workflow and any remaining consumers.	MAYBE
sys/modules/msk/Makefile	if_msk	candidate	Drives Marvell Yukon II Ethernet adapters. Remove it only if HalfBSD drops the corresponding hardware and its dependent drivers.	MAYBE
sys/modules/mt76/core/Makefile	${MT76_DRIVER_NAME}	outside default allowlist	Provides the shared MediaTek mt76 wireless-driver core, named through MT76_DRIVER_NAME in its Makefile. Review the retained MediaTek driver family before removing this common dependency.	MAYBE
sys/modules/mvs/Makefile	mvs	outside default allowlist	Drives Marvell SATA controllers. Remove it only if HalfBSD drops the corresponding hardware and its dependent drivers.	MAYBE
sys/modules/mwl/Makefile	if_mwl	outside default allowlist	Drives supported Marvell 88W8363 wireless adapters. Keep it while its wireless hardware remains supported, including any matching firmware and framework dependencies.	MAYBE
sys/modules/mwlfw/Makefile	mw88W8363fw	outside default allowlist	Contains Marvell 88W8363 wireless firmware used by the mwl driver. Remove it only together with the matching hardware support, since its driver may require this firmware to operate.	MAYBE
sys/modules/mxge/mxge/Makefile	if_mxge	outside default allowlist	Drives Myricom 10-Gigabit Ethernet adapters. Remove it only if HalfBSD drops the corresponding hardware and its dependent drivers.	MAYBE
sys/modules/mxge/mxge_eth_z8e/Makefile	mxge_eth_z8e	outside default allowlist	Contains the Myricom eth_z8e Ethernet firmware variant. Remove it only together with the matching hardware support, since its driver may require this firmware to operate.	MAYBE
sys/modules/mxge/mxge_ethp_z8e/Makefile	mxge_ethp_z8e	outside default allowlist	Contains the Myricom ethp_z8e Ethernet firmware variant. Remove it only together with the matching hardware support, since its driver may require this firmware to operate.	MAYBE
sys/modules/mxge/mxge_rss_eth_z8e/Makefile	mxge_rss_eth_z8e	outside default allowlist	Contains the Myricom rss_eth_z8e Ethernet firmware variant. Remove it only together with the matching hardware support, since its driver may require this firmware to operate.	MAYBE
sys/modules/mxge/mxge_rss_ethp_z8e/Makefile	mxge_rss_ethp_z8e	outside default allowlist	Contains the Myricom rss_ethp_z8e Ethernet firmware variant. Remove it only together with the matching hardware support, since its driver may require this firmware to operate.	MAYBE
sys/modules/my/Makefile	if_my	outside default allowlist	Drives Myson Ethernet adapters. It targets legacy hardware outside the current workstation profile, subject to confirming that no supported machine needs it.	YES
sys/modules/nctgpio/Makefile	nctgpio	candidate	Drives GPIO pins on supported Nuvoton Super I/O controllers. Remove it only if HalfBSD drops the corresponding hardware and its dependent drivers.	MAYBE
sys/modules/ncthwm/Makefile	ncthwm	candidate	Reads hardware-monitoring sensors on supported Nuvoton controllers. Remove it only if HalfBSD drops the corresponding hardware and its dependent drivers.	MAYBE
sys/modules/neta/Makefile	if_mvneta	outside default allowlist	Drives Marvell embedded Ethernet adapters. It belongs to embedded platform support left behind by the ARM removal and has no identified amd64 workstation use.	YES
sys/modules/netgraph/UI/Makefile	ng_UI	candidate	Adds and removes HDLC unnumbered-information framing in a Netgraph path. It serves specialized server or appliance workloads outside the current workstation profile, subject to checking remaining consumers.	YES
sys/modules/netgraph/bluetooth/bluetooth/Makefile	ng_bluetooth	candidate	Provides the shared Netgraph Bluetooth framework. Its removal depends on whether HalfBSD intends to support this optional workflow and any remaining consumers.	MAYBE
sys/modules/netgraph/bluetooth/hci/Makefile	ng_hci	candidate	Provides the Bluetooth Host Controller Interface layer. Its removal depends on whether HalfBSD intends to support this optional workflow and any remaining consumers.	MAYBE
sys/modules/netgraph/bluetooth/l2cap/Makefile	ng_l2cap	candidate	Provides the Bluetooth Logical Link Control and Adaptation Protocol layer. Its removal depends on whether HalfBSD intends to support this optional workflow and any remaining consumers.	MAYBE
sys/modules/netgraph/bluetooth/socket/Makefile	ng_btsocket	candidate	Provides sockets for the Bluetooth networking stack. Its removal depends on whether HalfBSD intends to support this optional workflow and any remaining consumers.	MAYBE
sys/modules/netgraph/bluetooth/ubt/Makefile	ng_ubt	candidate	Attaches USB Bluetooth controllers to the Netgraph Bluetooth stack. Its removal depends on whether HalfBSD intends to support this optional workflow and any remaining consumers.	MAYBE
sys/modules/netgraph/bluetooth/ubtbcmfw/Makefile	ubtbcmfw	candidate	Loads firmware for supported Broadcom USB Bluetooth controllers. Its removal depends on whether HalfBSD intends to support this optional workflow and any remaining consumers.	MAYBE
sys/modules/netgraph/bpf/Makefile	ng_bpf	candidate	Applies Berkeley Packet Filter programs to packets in a Netgraph path. Its removal depends on whether HalfBSD intends to support this optional workflow and any remaining consumers.	MAYBE
sys/modules/netgraph/bridge/Makefile	ng_bridge	candidate	Provides an Ethernet bridge as a Netgraph node. Its removal depends on whether HalfBSD intends to support this optional workflow and any remaining consumers.	MAYBE
sys/modules/netgraph/car/Makefile	ng_car	candidate	Provides committed-access-rate traffic policing as a Netgraph node. Its removal depends on whether HalfBSD intends to support this optional workflow and any remaining consumers.	MAYBE
sys/modules/netgraph/checksum/Makefile	ng_checksum	candidate	Calculates or validates packet checksums in a Netgraph path. Its removal depends on whether HalfBSD intends to support this optional workflow and any remaining consumers.	MAYBE
sys/modules/netgraph/device/Makefile	ng_device	candidate	Exposes a Netgraph node through a character-device interface. Its removal depends on whether HalfBSD intends to support this optional workflow and any remaining consumers.	MAYBE
sys/modules/netgraph/echo/Makefile	ng_echo	candidate	Returns received packets to their originating Netgraph hook. It can be excluded from installed systems, but source removal would reduce testing or diagnostic coverage.	MAYBE
sys/modules/netgraph/eiface/Makefile	ng_eiface	candidate	Provides an Ethernet interface backed by a Netgraph node. Its removal depends on whether HalfBSD intends to support this optional workflow and any remaining consumers.	MAYBE
sys/modules/netgraph/etf/Makefile	ng_etf	candidate	Filters Ethernet frames by EtherType in a Netgraph path. Its removal depends on whether HalfBSD intends to support this optional workflow and any remaining consumers.	MAYBE
sys/modules/netgraph/ether/Makefile	ng_ether	candidate	Connects Ethernet interfaces to Netgraph packet-processing paths. Its removal depends on whether HalfBSD intends to support this optional workflow and any remaining consumers.	MAYBE
sys/modules/netgraph/ether_echo/Makefile	ng_ether_echo	candidate	Echoes Ethernet traffic through a Netgraph node. It can be excluded from installed systems, but source removal would reduce testing or diagnostic coverage.	MAYBE
sys/modules/netgraph/gif/Makefile	ng_gif	candidate	Connects generic tunnel interfaces to Netgraph. Its removal depends on whether HalfBSD intends to support this optional workflow and any remaining consumers.	MAYBE
sys/modules/netgraph/gif_demux/Makefile	ng_gif_demux	candidate	Demultiplexes traffic from generic tunnel interfaces in Netgraph. Its removal depends on whether HalfBSD intends to support this optional workflow and any remaining consumers.	MAYBE
sys/modules/netgraph/hole/Makefile	ng_hole	candidate	Discards packets arriving at a Netgraph node. It can be excluded from installed systems, but source removal would reduce testing or diagnostic coverage.	MAYBE
sys/modules/netgraph/hub/Makefile	ng_hub	candidate	Repeats received packets to other hooks like a network hub. Its removal depends on whether HalfBSD intends to support this optional workflow and any remaining consumers.	MAYBE
sys/modules/netgraph/iface/Makefile	ng_iface	candidate	Provides network interfaces backed by Netgraph nodes. Its removal depends on whether HalfBSD intends to support this optional workflow and any remaining consumers.	MAYBE
sys/modules/netgraph/ip_input/Makefile	ng_ip_input	candidate	Injects packets from Netgraph into IP input processing. Its removal depends on whether HalfBSD intends to support this optional workflow and any remaining consumers.	MAYBE
sys/modules/netgraph/ipfw/Makefile	ng_ipfw	candidate	Connects IPFW packet handling to Netgraph paths. Its removal depends on whether HalfBSD intends to support this optional workflow and any remaining consumers.	MAYBE
sys/modules/netgraph/ksocket/Makefile	ng_ksocket	candidate	Connects a kernel socket to a Netgraph node. Its removal depends on whether HalfBSD intends to support this optional workflow and any remaining consumers.	MAYBE
sys/modules/netgraph/macfilter/Makefile	ng_macfilter	candidate	Filters Ethernet traffic by MAC address in Netgraph. Its removal depends on whether HalfBSD intends to support this optional workflow and any remaining consumers.	MAYBE
sys/modules/netgraph/nat/Makefile	ng_nat	candidate	Provides network address translation as a Netgraph node. Its removal depends on whether HalfBSD intends to support this optional workflow and any remaining consumers.	MAYBE
sys/modules/netgraph/netflow/Makefile	ng_netflow	candidate	Collects and exports flow statistics from Netgraph traffic. It serves specialized server or appliance workloads outside the current workstation profile, subject to checking remaining consumers.	YES
sys/modules/netgraph/netgraph/Makefile	netgraph	candidate	Provides the graph-based packet-processing framework used by dependent networking modules. Keep the framework while retaining its Bluetooth and application consumers, and review individual nodes separately.	NO
sys/modules/netgraph/one2many/Makefile	ng_one2many	candidate	Distributes traffic from one Netgraph hook across several others. Its removal depends on whether HalfBSD intends to support this optional workflow and any remaining consumers.	MAYBE
sys/modules/netgraph/patch/Makefile	ng_patch	candidate	Modifies packet fields while packets traverse a Netgraph node. Its removal depends on whether HalfBSD intends to support this optional workflow and any remaining consumers.	MAYBE
sys/modules/netgraph/pipe/Makefile	ng_pipe	candidate	Emulates bandwidth, queueing, and delay in a Netgraph path. It can be excluded from installed systems, but source removal would reduce testing or diagnostic coverage.	MAYBE
sys/modules/netgraph/sample/Makefile	ng_sample	candidate	Provides a sample Netgraph node for developer reference. It can be excluded from installed systems, but source removal would reduce testing or diagnostic coverage.	MAYBE
sys/modules/netgraph/socket/Makefile	ng_socket	candidate	Provides userspace sockets for Netgraph control and data. Keep it because it supports the retained workstation, storage, networking, or virtualization stack.	NO
sys/modules/netgraph/source/Makefile	ng_source	candidate	Generates packets from a Netgraph node for traffic testing. It can be excluded from installed systems, but source removal would reduce testing or diagnostic coverage.	MAYBE
sys/modules/netgraph/split/Makefile	ng_split	candidate	Separates incoming and outgoing Netgraph data paths. Its removal depends on whether HalfBSD intends to support this optional workflow and any remaining consumers.	MAYBE
sys/modules/netgraph/tag/Makefile	ng_tag	candidate	Adds or removes packet metadata tags in a Netgraph path. Its removal depends on whether HalfBSD intends to support this optional workflow and any remaining consumers.	MAYBE
sys/modules/netgraph/tcpmss/Makefile	ng_tcpmss	candidate	Adjusts TCP maximum-segment-size values in a Netgraph path. Its removal depends on whether HalfBSD intends to support this optional workflow and any remaining consumers.	MAYBE
sys/modules/netgraph/tee/Makefile	ng_tee	candidate	Copies traffic from a Netgraph path to monitoring hooks. Its removal depends on whether HalfBSD intends to support this optional workflow and any remaining consumers.	MAYBE
sys/modules/netgraph/tty/Makefile	ng_tty	candidate	Connects terminal devices to Netgraph paths. Its removal depends on whether HalfBSD intends to support this optional workflow and any remaining consumers.	MAYBE
sys/modules/netgraph/vlan/Makefile	ng_vlan	candidate	Adds and removes VLAN tags in a Netgraph path. Its removal depends on whether HalfBSD intends to support this optional workflow and any remaining consumers.	MAYBE
sys/modules/netgraph/vlan_rotate/Makefile	ng_vlan_rotate	candidate	Reorders stacked VLAN tags in a Netgraph path. Its removal depends on whether HalfBSD intends to support this optional workflow and any remaining consumers.	MAYBE
sys/modules/netlink/Makefile	netlink	candidate	Provides the Netlink interface used by networking configuration and Linux-compatible consumers. Keep it because it supports the retained workstation, storage, networking, or virtualization stack.	NO
sys/modules/netmap/Makefile	netmap	outside default allowlist	Provides high-performance packet I/O and virtual packet-switching facilities. Its removal depends on whether HalfBSD intends to support this optional workflow and any remaining consumers.	MAYBE
sys/modules/nfe/Makefile	if_nfe	candidate	Drives NVIDIA nForce Ethernet adapters. Remove it only if HalfBSD drops the corresponding hardware and its dependent drivers.	MAYBE
sys/modules/nge/Makefile	if_nge	outside default allowlist	Drives National Semiconductor DP83820 Gigabit Ethernet adapters. It targets legacy hardware outside the current workstation profile, subject to confirming that no supported machine needs it.	YES
sys/modules/nlsysevent/Makefile	nlsysevent	candidate	Publishes kernel system events through the Netlink system-event interface. Keep it because it supports the retained workstation, storage, networking, or virtualization stack.	NO
sys/modules/nmdm/Makefile	nmdm	candidate	Creates paired virtual serial devices used for bhyve consoles. Keep it because it supports the retained workstation, storage, networking, or virtualization stack.	NO
sys/modules/ntb/if_ntb/Makefile	if_ntb	outside default allowlist	Provides Ethernet-like networking across a PCI non-transparent bridge. It serves specialized server or appliance workloads outside the current workstation profile, subject to checking remaining consumers.	YES
sys/modules/ntb/ntb/Makefile	ntb	outside default allowlist	Provides the shared PCI non-transparent-bridge framework. It serves specialized server or appliance workloads outside the current workstation profile, subject to checking remaining consumers.	YES
sys/modules/ntb/ntb_hw_amd/Makefile	ntb_hw_amd	outside default allowlist	Drives supported AMD PCI non-transparent bridges. It serves specialized server or appliance workloads outside the current workstation profile, subject to checking remaining consumers.	YES
sys/modules/ntb/ntb_hw_intel/Makefile	ntb_hw_intel	outside default allowlist	Drives supported Intel PCI non-transparent bridges. It serves specialized server or appliance workloads outside the current workstation profile, subject to checking remaining consumers.	YES
sys/modules/ntb/ntb_hw_plx/Makefile	ntb_hw_plx	outside default allowlist	Drives supported PLX PCI non-transparent bridges. It serves specialized server or appliance workloads outside the current workstation profile, subject to checking remaining consumers.	YES
sys/modules/ntb/ntb_tool/Makefile	ntb_tool	outside default allowlist	Provides debugging and inspection facilities for non-transparent bridges. It serves specialized server or appliance workloads outside the current workstation profile, subject to checking remaining consumers.	YES
sys/modules/ntb/ntb_transport/Makefile	ntb_transport	outside default allowlist	Provides a transport layer for communication across non-transparent bridges. It serves specialized server or appliance workloads outside the current workstation profile, subject to checking remaining consumers.	YES
sys/modules/nullfs/Makefile	nullfs	candidate	Mounts an existing directory tree at another location, including jail filesystem layouts. Keep it because it supports the retained workstation, storage, networking, or virtualization stack.	NO
sys/modules/nvd/Makefile	nvd	candidate	Exposes NVMe namespaces through the legacy direct disk path alongside the CAM alternative. Keep it because it supports the retained workstation, storage, networking, or virtualization stack.	NO
sys/modules/nvdimm/Makefile	nvdimm	outside default allowlist	Provides access to supported persistent-memory devices. Remove it only if HalfBSD drops the corresponding hardware and its dependent drivers.	MAYBE
sys/modules/nvme/Makefile	nvme	candidate	Provides the NVMe controller framework used by modern workstation storage. Keep it because it supports the retained workstation, storage, networking, or virtualization stack.	NO
sys/modules/nvram/Makefile	nvram	candidate	Provides access to legacy PC nonvolatile configuration memory. Its removal depends on whether HalfBSD intends to support this optional workflow and any remaining consumers.	MAYBE
sys/modules/oce/Makefile	if_oce	outside default allowlist	Drives Emulex OneConnect Ethernet adapters. It serves specialized server or appliance workloads outside the current workstation profile, subject to checking remaining consumers.	YES
sys/modules/opensolaris/Makefile	opensolaris	candidate	Provides compatibility services used by the retained ZFS implementation. Keep it because it supports the retained workstation, storage, networking, or virtualization stack.	NO
sys/modules/ossl/Makefile	ossl	candidate	Provides optimized software cryptographic operations through the kernel OpenCrypto framework. Keep it because it supports the retained workstation, storage, networking, or virtualization stack.	NO
sys/modules/otus/Makefile	if_otus	outside default allowlist	Drives Atheros AR9170 USB wireless adapters. Keep it while its wireless hardware remains supported, including any matching firmware and framework dependencies.	MAYBE
sys/modules/otusfw/otusfw_init/Makefile	otusfw_init	outside default allowlist	Contains the Atheros AR9170 initialization firmware used by the otus driver. Remove it only together with the matching hardware support, since its driver may require this firmware to operate.	MAYBE
sys/modules/otusfw/otusfw_main/Makefile	otusfw_main	outside default allowlist	Contains the Atheros AR9170 main firmware used by the otus driver. Remove it only together with the matching hardware support, since its driver may require this firmware to operate.	MAYBE
sys/modules/ow/ow/Makefile	ow	outside default allowlist	Provides the 1-Wire bus framework for attached sensors and devices. Its removal depends on whether HalfBSD intends to support this optional workflow and any remaining consumers.	MAYBE
sys/modules/ow/ow_temp/Makefile	ow_temp	outside default allowlist	Reads temperature sensors connected to the 1-Wire bus. Its removal depends on whether HalfBSD intends to support this optional workflow and any remaining consumers.	MAYBE
sys/modules/ow/owc/Makefile	owc	outside default allowlist	Provides a 1-Wire bus controller interface. Its removal depends on whether HalfBSD intends to support this optional workflow and any remaining consumers.	MAYBE
sys/modules/p2sb/Makefile	p2sb	candidate	Provides access to Intel Primary-to-Sideband bridge resources used by chipset drivers. Remove it only if HalfBSD drops the corresponding hardware and its dependent drivers.	MAYBE
sys/modules/p9fs/Makefile	p9fs	outside default allowlist	Provides a 9P filesystem client for compatible shared-filesystem workflows. Its removal depends on whether HalfBSD intends to support this optional workflow and any remaining consumers.	MAYBE
sys/modules/padlock/Makefile	padlock	candidate	Uses VIA PadLock instructions for hardware cryptographic acceleration. It targets legacy hardware outside the current workstation profile, subject to confirming that no supported machine needs it.	YES
sys/modules/padlock_rng/Makefile	padlock_rng	candidate	Supplies entropy from legacy VIA PadLock random-number hardware. It targets legacy hardware outside the current workstation profile, subject to confirming that no supported machine needs it.	YES
sys/modules/pchtherm/Makefile	pchtherm	candidate	Reads thermal information from supported Intel Platform Controller Hubs. Remove it only if HalfBSD drops the corresponding hardware and its dependent drivers.	MAYBE
sys/modules/pms/Makefile	pmspcv	outside default allowlist	Drives PMC-Sierra SAS storage controllers. It serves specialized server or appliance workloads outside the current workstation profile, subject to checking remaining consumers.	YES
sys/modules/powermac_nvram/Makefile	powermac_nvram	outside default allowlist	Provides access to Power Macintosh nonvolatile configuration storage. It targets legacy hardware outside the current workstation profile, subject to confirming that no supported machine needs it.	YES
sys/modules/procfs/Makefile	procfs	candidate	Exposes process information through a synthetic filesystem. Its removal depends on whether HalfBSD intends to support this optional workflow and any remaining consumers.	MAYBE
sys/modules/proto/Makefile	proto	outside default allowlist	Provides a generic device interface for prototyping ISA and PCI drivers in userspace. Its removal depends on whether HalfBSD intends to support this optional workflow and any remaining consumers.	MAYBE
sys/modules/pseudofs/Makefile	pseudofs	candidate	Provides common infrastructure for procfs and other synthetic filesystems. Keep it because it supports the retained workstation, storage, networking, or virtualization stack.	NO
sys/modules/pst/Makefile	pst	outside default allowlist	Drives Promise SuperTrak RAID storage controllers. It targets legacy hardware outside the current workstation profile, subject to confirming that no supported machine needs it.	YES
sys/modules/pt/Makefile	pt	candidate	Provides CAM processor-device access used by supported storage peripheral workflows. Keep it because it supports the retained workstation, storage, networking, or virtualization stack.	NO
sys/modules/pty/Makefile	pty	outside default allowlist	Provides the legacy pseudo-terminal device interface alongside modern terminal facilities. Its removal depends on whether HalfBSD intends to support this optional workflow and any remaining consumers.	MAYBE
sys/modules/puc/Makefile	puc	candidate	Attaches supported PCI cards containing multiple serial or parallel ports. Remove it only if HalfBSD drops the corresponding hardware and its dependent drivers.	MAYBE
sys/modules/pwm/pwm_backlight/Makefile	pwm_backlight	outside default allowlist	Controls display backlights through pulse-width-modulation devices. Remove it only if HalfBSD drops the corresponding hardware and its dependent drivers.	MAYBE
sys/modules/pwm/pwmbus/Makefile	pwmbus	outside default allowlist	Provides the shared pulse-width-modulation bus framework. Its removal depends on whether HalfBSD intends to support this optional workflow and any remaining consumers.	MAYBE
sys/modules/pwm/pwmc/Makefile	pwmc	outside default allowlist	Provides userspace control of pulse-width-modulation channels. Its removal depends on whether HalfBSD intends to support this optional workflow and any remaining consumers.	MAYBE
sys/modules/qat/qat/Makefile	qat	candidate	Provides the main Intel QuickAssist cryptographic acceleration driver. It is optional acceleration, so removal requires confirming that no retained device or cryptographic consumer depends on it.	MAYBE
sys/modules/qat/qat_api/Makefile	qat_api	candidate	Provides the kernel API layer for Intel QuickAssist consumers. It is optional acceleration, so removal requires confirming that no retained device or cryptographic consumer depends on it.	MAYBE
sys/modules/qat/qat_common/Makefile	qat_common	candidate	Provides common services shared by Intel QuickAssist driver components. It is optional acceleration, so removal requires confirming that no retained device or cryptographic consumer depends on it.	MAYBE
sys/modules/qat/qat_hw/Makefile	qat_hw	candidate	Provides Intel QuickAssist hardware-specific support. It is optional acceleration, so removal requires confirming that no retained device or cryptographic consumer depends on it.	MAYBE
sys/modules/qat_c2xxx/Makefile	qat_c2xxx	candidate	Drives the Intel C2000-family QuickAssist accelerator. It is optional acceleration, so removal requires confirming that no retained device or cryptographic consumer depends on it.	MAYBE
sys/modules/qat_c2xxxfw/Makefile	qat_c2xxxfw	candidate	Contains Intel QuickAssist C2000 accelerator firmware. Remove it only together with the matching hardware support, since its driver may require this firmware to operate.	MAYBE
sys/modules/qatfw/qat_200xx/Makefile	qat_200xx_fw	candidate	Contains Intel QuickAssist 200xx accelerator firmware. Remove it only together with the matching hardware support, since its driver may require this firmware to operate.	MAYBE
sys/modules/qatfw/qat_4xxx/Makefile	qat_4xxx_fw	candidate	Contains Intel QuickAssist 4xxx accelerator firmware. Remove it only together with the matching hardware support, since its driver may require this firmware to operate.	MAYBE
sys/modules/qatfw/qat_c3xxx/Makefile	qat_c3xxx_fw	candidate	Contains Intel QuickAssist c3xxx accelerator firmware. Remove it only together with the matching hardware support, since its driver may require this firmware to operate.	MAYBE
sys/modules/qatfw/qat_c4xxx/Makefile	qat_c4xxx_fw	candidate	Contains Intel QuickAssist c4xxx accelerator firmware. Remove it only together with the matching hardware support, since its driver may require this firmware to operate.	MAYBE
sys/modules/qatfw/qat_c62x/Makefile	qat_c62x_fw	candidate	Contains Intel QuickAssist c62x accelerator firmware. Remove it only together with the matching hardware support, since its driver may require this firmware to operate.	MAYBE
sys/modules/qatfw/qat_dh895xcc/Makefile	qat_dh895xcc_fw	candidate	Contains Intel QuickAssist dh895xcc accelerator firmware. Remove it only together with the matching hardware support, since its driver may require this firmware to operate.	MAYBE
sys/modules/qlnx/qlnxe/Makefile	if_qlnxe	candidate	Drives supported QLogic FastLinQ Ethernet physical functions. Remove it only if HalfBSD drops the corresponding hardware and its dependent drivers.	MAYBE
sys/modules/qlnx/qlnxev/Makefile	if_qlnxev	candidate	Drives supported QLogic FastLinQ Ethernet virtual functions. Remove it only if HalfBSD drops the corresponding hardware and its dependent drivers.	MAYBE
sys/modules/qlxgb/Makefile	if_qlxgb	outside default allowlist	Drives QLogic 3200-series Ethernet adapters. It serves specialized server or appliance workloads outside the current workstation profile, subject to checking remaining consumers.	YES
sys/modules/qlxgbe/Makefile	if_qlxgbe	outside default allowlist	Drives QLogic 8300-series Ethernet adapters. It serves specialized server or appliance workloads outside the current workstation profile, subject to checking remaining consumers.	YES
sys/modules/qlxge/Makefile	if_qlxge	outside default allowlist	Drives QLogic 8100-series Ethernet adapters. It serves specialized server or appliance workloads outside the current workstation profile, subject to checking remaining consumers.	YES
sys/modules/ral/Makefile	if_ral	candidate	Drives supported Ralink PCI wireless adapters. Keep it while its wireless hardware remains supported, including any matching firmware and framework dependencies.	MAYBE
sys/modules/random_fortuna/Makefile	random_fortuna	candidate	Provides the Fortuna algorithm for the kernel random-number generator. Keep it because it supports the retained workstation, storage, networking, or virtualization stack.	NO
sys/modules/random_other/Makefile	random_OTHER	outside default allowlist	Provides a placeholder alternative random-generator implementation. It can be excluded from installed systems, but source removal would reduce testing or diagnostic coverage.	MAYBE
sys/modules/rc4/Makefile	rc4	outside default allowlist	Provides the RC4 stream-cipher implementation to kernel consumers. Its removal depends on whether HalfBSD intends to support this optional workflow and any remaining consumers.	MAYBE
sys/modules/rccgpio/Makefile	rccgpio	outside default allowlist	Drives GPIO pins on supported Intel Rangeley chipsets. Remove it only if HalfBSD drops the corresponding hardware and its dependent drivers.	MAYBE
sys/modules/rdrand_rng/Makefile	rdrand_rng	candidate	Supplies entropy from the x86 RDRAND instruction to the random subsystem. Keep it because it supports the retained workstation, storage, networking, or virtualization stack.	NO
sys/modules/rdseed_rng/Makefile	rdseed_rng	candidate	Supplies entropy from the x86 RDSEED instruction to the random subsystem. Keep it because it supports the retained workstation, storage, networking, or virtualization stack.	NO
sys/modules/re/Makefile	if_re	candidate	Drives Realtek 8139C+, 8169, and related Ethernet adapters. Remove it only if HalfBSD drops the corresponding hardware and its dependent drivers.	MAYBE
sys/modules/rndtest/Makefile	rndtest	outside default allowlist	Performs statistical tests on random-byte streams from hardware sources. It can be excluded from installed systems, but source removal would reduce testing or diagnostic coverage.	MAYBE
sys/modules/rtsx/Makefile	rtsx	candidate	Drives supported Realtek PCIe SD card readers. Remove it only if HalfBSD drops the corresponding hardware and its dependent drivers.	MAYBE
sys/modules/rtw88/Makefile	if_rtw88	candidate	Drives supported Realtek wireless adapters through the LinuxKPI rtw88 implementation. Keep it while its wireless hardware remains supported, including any matching firmware and framework dependencies.	MAYBE
sys/modules/rtw89/Makefile	if_rtw89	candidate	Drives supported Realtek wireless adapters through the LinuxKPI rtw89 implementation. Keep it while its wireless hardware remains supported, including any matching firmware and framework dependencies.	MAYBE
sys/modules/rtwn/Makefile	rtwn	candidate	Provides shared driver support for native Realtek rtwn wireless devices. Keep it while its wireless hardware remains supported, including any matching firmware and framework dependencies.	MAYBE
sys/modules/rtwn_pci/Makefile	if_rtwn_pci	candidate	Attaches supported Realtek rtwn wireless devices on the PCI bus. Keep it while its wireless hardware remains supported, including any matching firmware and framework dependencies.	MAYBE
sys/modules/rtwn_usb/Makefile	if_rtwn_usb	candidate	Attaches supported Realtek rtwn wireless devices on the USB bus. Keep it while its wireless hardware remains supported, including any matching firmware and framework dependencies.	MAYBE
sys/modules/rtwnfw/rtwnrtl8188ee/Makefile	rtwn-rtl8188eefw	candidate	Contains Realtek rtl8188ee wireless firmware used by rtwn devices. Remove it only together with the matching hardware support, since its driver may require this firmware to operate.	MAYBE
sys/modules/rtwnfw/rtwnrtl8188eu/Makefile	rtwn-rtl8188eufw	candidate	Contains Realtek rtl8188eu wireless firmware used by rtwn devices. Remove it only together with the matching hardware support, since its driver may require this firmware to operate.	MAYBE
sys/modules/rtwnfw/rtwnrtl8192cE/Makefile	rtwn-rtl8192cfwE	candidate	Contains Realtek rtl8192cE wireless firmware used by rtwn devices. Remove it only together with the matching hardware support, since its driver may require this firmware to operate.	MAYBE
sys/modules/rtwnfw/rtwnrtl8192cEB/Makefile	rtwn-rtl8192cfwE_B	candidate	Contains Realtek rtl8192cEB wireless firmware used by rtwn devices. Remove it only together with the matching hardware support, since its driver may require this firmware to operate.	MAYBE
sys/modules/rtwnfw/rtwnrtl8192cT/Makefile	rtwn-rtl8192cfwT	candidate	Contains Realtek rtl8192cT wireless firmware used by rtwn devices. Remove it only together with the matching hardware support, since its driver may require this firmware to operate.	MAYBE
sys/modules/rtwnfw/rtwnrtl8192cU/Makefile	rtwn-rtl8192cfwU	candidate	Contains Realtek rtl8192cU wireless firmware used by rtwn devices. Remove it only together with the matching hardware support, since its driver may require this firmware to operate.	MAYBE
sys/modules/rtwnfw/rtwnrtl8192eu/Makefile	rtwn-rtl8192eufw	candidate	Contains Realtek rtl8192eu wireless firmware used by rtwn devices. Remove it only together with the matching hardware support, since its driver may require this firmware to operate.	MAYBE
sys/modules/rtwnfw/rtwnrtl8812au/Makefile	rtwn-rtl8812aufw	candidate	Contains Realtek rtl8812au wireless firmware used by rtwn devices. Remove it only together with the matching hardware support, since its driver may require this firmware to operate.	MAYBE
sys/modules/rtwnfw/rtwnrtl8821au/Makefile	rtwn-rtl8821aufw	candidate	Contains Realtek rtl8821au wireless firmware used by rtwn devices. Remove it only together with the matching hardware support, since its driver may require this firmware to operate.	MAYBE
sys/modules/s3/Makefile	s3	outside default allowlist	Provides legacy S3 graphics hardware support. It targets legacy hardware outside the current workstation profile, subject to confirming that no supported machine needs it.	YES
sys/modules/safe/Makefile	safe	outside default allowlist	Provides OpenCrypto acceleration through legacy SafeNet adapters. It targets legacy hardware outside the current workstation profile, subject to confirming that no supported machine needs it.	YES
sys/modules/safexcel/Makefile	safexcel	outside default allowlist	Drives SafeXcel EIP-97 cryptographic engines on embedded device-tree platforms. It belongs to embedded platform support left behind by the ARM removal and has no identified amd64 workstation use.	YES
sys/modules/sbni/Makefile	if_sbni	outside default allowlist	Drives Granch SBNI ISA and PCI synchronous network adapters. It targets legacy hardware outside the current workstation profile, subject to confirming that no supported machine needs it.	YES
sys/modules/scc/Makefile	scc	candidate	Provides a shared framework for serial communications controllers. Remove it only if HalfBSD drops the corresponding hardware and its dependent drivers.	MAYBE
sys/modules/sctp/Makefile	sctp	candidate	Provides the Stream Control Transmission Protocol as a loadable transport. Its removal depends on whether HalfBSD intends to support this optional workflow and any remaining consumers.	MAYBE
sys/modules/sdhci/Makefile	sdhci	candidate	Provides the shared SD Host Controller Interface framework used by card readers. Keep it because it supports the retained workstation, storage, networking, or virtualization stack.	NO
sys/modules/sdhci_acpi/Makefile	sdhci_acpi	candidate	Attaches SDHCI controllers described through ACPI on retained platforms. Keep it because it supports the retained workstation, storage, networking, or virtualization stack.	NO
sys/modules/sdhci_fdt/Makefile	sdhci_fdt	outside default allowlist	Attaches SDHCI controllers described by flattened device trees. It belongs to embedded platform support left behind by the ARM removal and has no identified amd64 workstation use.	YES
sys/modules/sdhci_pci/Makefile	sdhci_pci	candidate	Attaches SDHCI controllers found on the PCI bus. Keep it because it supports the retained workstation, storage, networking, or virtualization stack.	NO
sys/modules/sdio/Makefile	sdio	candidate	Provides the SDIO bus interface used by compatible peripheral and wireless devices. Keep it because it supports the retained workstation, storage, networking, or virtualization stack.	NO
sys/modules/sem/Makefile	sem	candidate	Provides loadable POSIX semaphore support. Keep it because it supports the retained workstation, storage, networking, or virtualization stack.	NO
sys/modules/send/Makefile	send	outside default allowlist	Provides Secure Neighbor Discovery support for IPv6 networking. Its removal depends on whether HalfBSD intends to support this optional workflow and any remaining consumers.	MAYBE
sys/modules/sff/Makefile	sff	outside default allowlist	Provides SFP transceiver interfaces and device-tree attachment support. It belongs to embedded platform support left behind by the ARM removal and has no identified amd64 workstation use.	YES
sys/modules/sfxge/Makefile	sfxge	candidate	Drives Solarflare 10-Gigabit Ethernet adapters. Remove it only if HalfBSD drops the corresponding hardware and its dependent drivers.	MAYBE
sys/modules/sge/Makefile	if_sge	outside default allowlist	Drives Silicon Integrated Systems SiS190 and SiS191 Ethernet adapters. It targets legacy hardware outside the current workstation profile, subject to confirming that no supported machine needs it.	YES
sys/modules/sgx/Makefile	sgx	outside default allowlist	Provides Intel Software Guard Extensions enclave device support. Its removal depends on whether HalfBSD intends to support this optional workflow and any remaining consumers.	MAYBE
sys/modules/sgx_linux/Makefile	sgx_linux	outside default allowlist	Provides Linux-compatible access to the SGX enclave device interface. Its removal depends on whether HalfBSD intends to support this optional workflow and any remaining consumers.	MAYBE
sys/modules/siftr/Makefile	siftr	candidate	Logs TCP connection state for transport analysis and diagnosis. It can be excluded from installed systems, but source removal would reduce testing or diagnostic coverage.	MAYBE
sys/modules/siis/Makefile	siis	outside default allowlist	Drives Silicon Image SATA controllers. Remove it only if HalfBSD drops the corresponding hardware and its dependent drivers.	MAYBE
sys/modules/sk/Makefile	if_sk	outside default allowlist	Drives SysKonnect and older Marvell Yukon Gigabit Ethernet adapters. It targets legacy hardware outside the current workstation profile, subject to confirming that no supported machine needs it.	YES
sys/modules/smartpqi/Makefile	smartpqi	outside default allowlist	Drives Microchip and Microsemi Smart Storage PQI controllers. It serves specialized server or appliance workloads outside the current workstation profile, subject to checking remaining consumers.	YES
sys/modules/snp/Makefile	snp	outside default allowlist	Provides a device interface for snooping terminal input and output. Its removal depends on whether HalfBSD intends to support this optional workflow and any remaining consumers.	MAYBE
sys/modules/sound/driver/als4000/Makefile	snd_als4000	outside default allowlist	Drives Avance Logic ALS4000 sound devices. It targets legacy hardware outside the current workstation profile, subject to confirming that no supported machine needs it.	YES
sys/modules/sound/driver/atiixp/Makefile	snd_atiixp	outside default allowlist	Drives ATI IXP integrated sound devices. It targets legacy hardware outside the current workstation profile, subject to confirming that no supported machine needs it.	YES
sys/modules/sound/driver/cmi/Makefile	snd_cmi	outside default allowlist	Drives C-Media PCI sound devices. Remove it only if HalfBSD drops the corresponding hardware and its dependent drivers.	MAYBE
sys/modules/sound/driver/cs4281/Makefile	snd_cs4281	outside default allowlist	Drives Cirrus Logic CS4281 sound devices. It targets legacy hardware outside the current workstation profile, subject to confirming that no supported machine needs it.	YES
sys/modules/sound/driver/csa/Makefile	snd_csa	outside default allowlist	Drives Cirrus Logic CS461x and CS428x sound devices. It targets legacy hardware outside the current workstation profile, subject to confirming that no supported machine needs it.	YES
sys/modules/sound/driver/driver/Makefile	snd_driver	candidate	Provides a convenience loader for the available sound-driver modules. Keep it only if HalfBSD wants bulk sound-driver loading rather than selecting individual hardware drivers.	MAYBE
sys/modules/sound/driver/dummy/Makefile	snd_dummy	candidate	Provides a dummy PCM audio device for testing and software workflows. It can be excluded from installed systems, but source removal would reduce testing or diagnostic coverage.	MAYBE
sys/modules/sound/driver/emu10k1/Makefile	snd_emu10k1	outside default allowlist	Drives Creative EMU10K1 sound devices. It targets legacy hardware outside the current workstation profile, subject to confirming that no supported machine needs it.	YES
sys/modules/sound/driver/emu10kx/Makefile	snd_emu10kx	outside default allowlist	Drives Creative EMU10Kx-family sound devices. Remove it only if HalfBSD drops the corresponding hardware and its dependent drivers.	MAYBE
sys/modules/sound/driver/envy24/Makefile	snd_envy24	outside default allowlist	Drives VIA Envy24 sound devices. Remove it only if HalfBSD drops the corresponding hardware and its dependent drivers.	MAYBE
sys/modules/sound/driver/envy24ht/Makefile	snd_envy24ht	outside default allowlist	Drives VIA Envy24HT sound devices. Remove it only if HalfBSD drops the corresponding hardware and its dependent drivers.	MAYBE
sys/modules/sound/driver/es137x/Makefile	snd_es137x	outside default allowlist	Drives Ensoniq ES137x and compatible Creative sound devices. It targets legacy hardware outside the current workstation profile, subject to confirming that no supported machine needs it.	YES
sys/modules/sound/driver/fm801/Makefile	snd_fm801	outside default allowlist	Drives ForteMedia FM801 sound devices. It targets legacy hardware outside the current workstation profile, subject to confirming that no supported machine needs it.	YES
sys/modules/sound/driver/hda/Makefile	snd_hda	candidate	Drives High Definition Audio sound devices. Keep it because it supports the retained workstation, storage, networking, or virtualization stack.	NO
sys/modules/sound/driver/hdsp/Makefile	snd_hdsp	candidate	Drives RME Hammerfall DSP sound devices. Remove it only if HalfBSD drops the corresponding hardware and its dependent drivers.	MAYBE
sys/modules/sound/driver/hdspe/Makefile	snd_hdspe	candidate	Drives RME HDSPe sound devices. Remove it only if HalfBSD drops the corresponding hardware and its dependent drivers.	MAYBE
sys/modules/sound/driver/maestro3/Makefile	snd_maestro3	outside default allowlist	Drives ESS Maestro3 and Allegro sound devices. It targets legacy hardware outside the current workstation profile, subject to confirming that no supported machine needs it.	YES
sys/modules/sound/driver/spicds/Makefile	snd_spicds	outside default allowlist	Provides SPI codec support used by compatible sound-card drivers. Remove it only if HalfBSD drops the corresponding hardware and its dependent drivers.	MAYBE
sys/modules/sound/driver/uaudio/Makefile	snd_uaudio	candidate	Drives USB Audio Class sound devices. Keep it because it supports the retained workstation, storage, networking, or virtualization stack.	NO
sys/modules/sound/sound/Makefile	sound	candidate	Provides the core PCM sound framework used by desktop audio drivers. Keep it because it supports the retained workstation, storage, networking, or virtualization stack.	NO
sys/modules/speaker/Makefile	speaker	outside default allowlist	Provides access to the legacy PC speaker. Its removal depends on whether HalfBSD intends to support this optional workflow and any remaining consumers.	MAYBE
sys/modules/spi/at45d/Makefile	at45d	candidate	Drives supported AT45 SPI flash devices. Its removal depends on whether HalfBSD intends to support this optional workflow and any remaining consumers.	MAYBE
sys/modules/spi/atopcase/Makefile	atopcase	candidate	Drives supported Apple laptop top-case input hardware through SPI. Remove it only if HalfBSD drops the corresponding hardware and its dependent drivers.	MAYBE
sys/modules/spi/mx25l/Makefile	mx25l	candidate	Drives supported MX25L-family SPI flash devices. Its removal depends on whether HalfBSD intends to support this optional workflow and any remaining consumers.	MAYBE
sys/modules/spi/spibus/Makefile	spibus	candidate	Provides the shared SPI bus framework used by controllers and devices. Remove it only if HalfBSD drops the corresponding hardware and its dependent drivers.	MAYBE
sys/modules/spigen/Makefile	spigen	outside default allowlist	Provides userspace access to SPI transactions through a device interface. Its removal depends on whether HalfBSD intends to support this optional workflow and any remaining consumers.	MAYBE
sys/modules/stge/Makefile	if_stge	outside default allowlist	Drives Sundance TC9021 Gigabit Ethernet adapters. It targets legacy hardware outside the current workstation profile, subject to confirming that no supported machine needs it.	YES
sys/modules/sume/Makefile	if_sume	outside default allowlist	Drives NetFPGA SUME experimental Ethernet adapters. It serves specialized server or appliance workloads outside the current workstation profile, subject to checking remaining consumers.	YES
sys/modules/superio/Makefile	superio	candidate	Provides the Super I/O controller framework used by GPIO, sensors, and watchdogs. Remove it only if HalfBSD drops the corresponding hardware and its dependent drivers.	MAYBE
sys/modules/sysvipc/sysvmsg/Makefile	sysvmsg	candidate	Implements System V message queues used by applications. Keep it because it supports the retained workstation, storage, networking, or virtualization stack.	NO
sys/modules/sysvipc/sysvsem/Makefile	sysvsem	candidate	Implements System V semaphores used by applications. Keep it because it supports the retained workstation, storage, networking, or virtualization stack.	NO
sys/modules/sysvipc/sysvshm/Makefile	sysvshm	candidate	Implements System V shared memory used by applications. Keep it because it supports the retained workstation, storage, networking, or virtualization stack.	NO
sys/modules/tarfs/Makefile	tarfs	candidate	Exposes a tar archive as a read-only filesystem. Its removal depends on whether HalfBSD intends to support this optional workflow and any remaining consumers.	MAYBE
sys/modules/tcp/bbr/Makefile	tcp_${STACKNAME}	candidate	Provides the BBR TCP stack, with its module name derived from STACKNAME. Keep or remove it according to HalfBSD transport-performance policy and its pacing-framework dependencies.	MAYBE
sys/modules/tcp/hpts/Makefile	tcphpts	candidate	Provides high-precision TCP pacing and timer services for compatible TCP stacks. Its removal depends on whether HalfBSD intends to support this optional workflow and any remaining consumers.	MAYBE
sys/modules/tcp/rack/Makefile	tcp_${STACKNAME}	candidate	Provides the RACK TCP stack, with its module name derived from STACKNAME. Keep or remove it according to HalfBSD transport-performance policy and its pacing-framework dependencies.	MAYBE
sys/modules/tcp/tcpmd5/Makefile	tcpmd5	candidate	Provides TCP MD5 signature authentication used by routing-protocol peers. It serves specialized server or appliance workloads outside the current workstation profile, subject to checking remaining consumers.	YES
sys/modules/tests/fib_lookup/Makefile	test_lookup	candidate	Tests forwarding-table lookup implementations. It can be excluded from installed systems, but source removal would reduce testing or diagnostic coverage.	MAYBE
sys/modules/tests/framework/Makefile	kern_testfrwk	candidate	Provides the kernel test framework used by compatible test modules. It can be excluded from installed systems, but source removal would reduce testing or diagnostic coverage.	MAYBE
sys/modules/ti/Makefile	if_ti	outside default allowlist	Drives Alteon Tigon Gigabit Ethernet adapters. It targets legacy hardware outside the current workstation profile, subject to confirming that no supported machine needs it.	YES
sys/modules/tmpfs/Makefile	tmpfs	candidate	Provides an efficient memory-backed filesystem for temporary files. Keep it because it supports the retained workstation, storage, networking, or virtualization stack.	NO
sys/modules/toecore/Makefile	toecore	outside default allowlist	Provides the shared framework for TCP offload engines. It serves specialized server or appliance workloads outside the current workstation profile, subject to checking remaining consumers.	YES
sys/modules/tpm/Makefile	tpm	candidate	Provides the kernel interface for supported Trusted Platform Modules. Remove it only if HalfBSD drops the corresponding hardware and its dependent drivers.	MAYBE
sys/modules/tsec/Makefile	if_tsec	outside default allowlist	Drives Freescale Triple-Speed Ethernet Controller adapters. It belongs to embedded platform support left behind by the ARM removal and has no identified amd64 workstation use.	YES
sys/modules/tws/Makefile	tws	outside default allowlist	Drives 3ware 9750 RAID storage controllers. It serves specialized server or appliance workloads outside the current workstation profile, subject to checking remaining consumers.	YES
sys/modules/uart/Makefile	uart	candidate	Provides serial-port support for workstation consoles and attached devices. Keep it because it supports the retained workstation, storage, networking, or virtualization stack.	NO
sys/modules/ubser/Makefile	ubser	outside default allowlist	Drives supported USB multiport serial adapters. Remove it only if HalfBSD drops the corresponding hardware and its dependent drivers.	MAYBE
sys/modules/uchcom/Makefile	uchcom	outside default allowlist	Drives WinChipHead CH34x USB serial adapters. Remove it only if HalfBSD drops the corresponding hardware and its dependent drivers.	MAYBE
sys/modules/ucycom/Makefile	ucycom	outside default allowlist	Drives Cypress USB serial adapters using HID transport. Remove it only if HalfBSD drops the corresponding hardware and its dependent drivers.	MAYBE
sys/modules/udf/Makefile	udf	candidate	Reads supported Universal Disk Format filesystems on optical media and images. Its removal depends on whether HalfBSD intends to support this optional workflow and any remaining consumers.	MAYBE
sys/modules/udf_iconv/Makefile	udf_iconv	candidate	Adds character-set conversion for UDF filenames. Its removal depends on whether HalfBSD intends to support this optional workflow and any remaining consumers.	MAYBE
sys/modules/ufs/Makefile	ufs	candidate	Provides UFS and FFS filesystem support for retained compatibility and recovery workflows. Keep it because it supports the retained workstation, storage, networking, or virtualization stack.	NO
sys/modules/ufshci/Makefile	ufshci	outside default allowlist	Drives Universal Flash Storage Host Controller Interface devices. Remove it only if HalfBSD drops the corresponding hardware and its dependent drivers.	MAYBE
sys/modules/uinput/Makefile	uinput	candidate	Allows userspace software to create virtual input devices through the event subsystem. Keep it because it supports the retained workstation, storage, networking, or virtualization stack.	NO
sys/modules/unionfs/Makefile	unionfs	candidate	Overlays one directory tree on another through a union filesystem mount. Its removal depends on whether HalfBSD intends to support this optional workflow and any remaining consumers.	MAYBE
sys/modules/usb/atmegadci/Makefile	atmegadci	outside default allowlist	Drives the USB device controller on supported ATmega microcontrollers. It belongs to embedded platform support left behind by the ARM removal and has no identified amd64 workstation use.	YES
sys/modules/usb/atp/Makefile	atp	candidate	Drives older Apple USB trackpads. Remove it only if HalfBSD drops the corresponding hardware and its dependent drivers.	MAYBE
sys/modules/usb/aue/Makefile	if_aue	outside default allowlist	Drives supported ADMtek USB Ethernet adapters. It targets legacy hardware outside the current workstation profile, subject to confirming that no supported machine needs it.	YES
sys/modules/usb/avr32dci/Makefile	avr32dci	outside default allowlist	Drives the USB device controller on AVR32 embedded systems. It belongs to embedded platform support left behind by the ARM removal and has no identified amd64 workstation use.	YES
sys/modules/usb/axe/Makefile	if_axe	candidate	Drives supported ASIX AX88xxx USB Ethernet adapters. Remove it only if HalfBSD drops the corresponding hardware and its dependent drivers.	MAYBE
sys/modules/usb/axge/Makefile	if_axge	candidate	Drives supported ASIX AX88179-family USB Ethernet adapters. Remove it only if HalfBSD drops the corresponding hardware and its dependent drivers.	MAYBE
sys/modules/usb/bcm2838_xhci/Makefile	bcm2838_xhci	outside default allowlist	Attaches the Broadcom BCM2838 USB controller used by Raspberry Pi systems. It belongs to embedded platform support left behind by the ARM removal and has no identified amd64 workstation use.	YES
sys/modules/usb/cdce/Makefile	if_cdce	candidate	Drives USB CDC Ethernet devices and compatible tethering interfaces. Remove it only if HalfBSD drops the corresponding hardware and its dependent drivers.	MAYBE
sys/modules/usb/cdceem/Makefile	if_cdceem	candidate	Drives USB CDC Ethernet Emulation Model interfaces. Remove it only if HalfBSD drops the corresponding hardware and its dependent drivers.	MAYBE
sys/modules/usb/cp2112/Makefile	cp2112	candidate	Drives Silicon Labs CP2112 USB-to-SMBus bridges. Remove it only if HalfBSD drops the corresponding hardware and its dependent drivers.	MAYBE
sys/modules/usb/cue/Makefile	if_cue	outside default allowlist	Drives CATC USB Ethernet adapters. It targets legacy hardware outside the current workstation profile, subject to confirming that no supported machine needs it.	YES
sys/modules/usb/dwc_otg/Makefile	dwc_otg	outside default allowlist	Drives Synopsys DesignWare USB OTG controllers used by embedded platforms. It belongs to embedded platform support left behind by the ARM removal and has no identified amd64 workstation use.	YES
sys/modules/usb/ehci/Makefile	ehci	candidate	Drives USB 2 EHCI host controllers. Keep it because it supports the retained workstation, storage, networking, or virtualization stack.	NO
sys/modules/usb/i2ctinyusb/Makefile	i2ctinyusb	candidate	Drives compatible USB-to-I2C bridges. Remove it only if HalfBSD drops the corresponding hardware and its dependent drivers.	MAYBE
sys/modules/usb/ipheth/Makefile	if_ipheth	candidate	Provides Ethernet tethering through supported Apple iPhone USB interfaces. Remove it only if HalfBSD drops the corresponding hardware and its dependent drivers.	MAYBE
sys/modules/usb/kue/Makefile	if_kue	outside default allowlist	Drives Kawasaki USB Ethernet adapters. It targets legacy hardware outside the current workstation profile, subject to confirming that no supported machine needs it.	YES
sys/modules/usb/mos/Makefile	if_mos	candidate	Drives MosChip USB Ethernet adapters. Remove it only if HalfBSD drops the corresponding hardware and its dependent drivers.	MAYBE
sys/modules/usb/mtw/Makefile	if_mtw	candidate	Drives supported MediaTek USB wireless adapters. Keep it while its wireless hardware remains supported, including any matching firmware and framework dependencies.	MAYBE
sys/modules/usb/muge/Makefile	if_muge	candidate	Drives supported Microchip LAN75xx and LAN78xx USB Ethernet adapters. Remove it only if HalfBSD drops the corresponding hardware and its dependent drivers.	MAYBE
sys/modules/usb/musb/Makefile	musb	outside default allowlist	Drives Mentor Graphics USB controllers used by embedded platforms. It belongs to embedded platform support left behind by the ARM removal and has no identified amd64 workstation use.	YES
sys/modules/usb/ohci/Makefile	ohci	candidate	Drives USB 1 OHCI host controllers. Remove it only if HalfBSD drops the corresponding hardware and its dependent drivers.	MAYBE
sys/modules/usb/quirk/Makefile	usb_quirk	candidate	Applies device-specific workarounds in the USB stack. Keep it because it supports the retained workstation, storage, networking, or virtualization stack.	NO
sys/modules/usb/rsu/Makefile	if_rsu	candidate	Drives Realtek RTL8712 USB wireless adapters. Keep it while its wireless hardware remains supported, including any matching firmware and framework dependencies.	MAYBE
sys/modules/usb/rsufw/rsurtl8712fw/Makefile	rsu-rtl8712fw	candidate	Contains Realtek RTL8712 USB wireless firmware used by the corresponding driver. Remove it only together with the matching hardware support, since its driver may require this firmware to operate.	MAYBE
sys/modules/usb/rue/Makefile	if_rue	outside default allowlist	Drives Realtek RTL8150 USB Ethernet adapters. It targets legacy hardware outside the current workstation profile, subject to confirming that no supported machine needs it.	YES
sys/modules/usb/rum/Makefile	if_rum	candidate	Drives Ralink RT2501USB and RT2601USB wireless adapters. Keep it while its wireless hardware remains supported, including any matching firmware and framework dependencies.	MAYBE
sys/modules/usb/run/Makefile	if_run	candidate	Drives supported Ralink and MediaTek USB wireless adapters. Keep it while its wireless hardware remains supported, including any matching firmware and framework dependencies.	MAYBE
sys/modules/usb/runfw/Makefile	runfw	candidate	Contains Ralink RT2870-family USB wireless firmware used by the corresponding driver. Remove it only together with the matching hardware support, since its driver may require this firmware to operate.	MAYBE
sys/modules/usb/smsc/Makefile	if_smsc	candidate	Drives supported SMSC LAN95xx USB Ethernet adapters. Remove it only if HalfBSD drops the corresponding hardware and its dependent drivers.	MAYBE
sys/modules/usb/u3g/Makefile	u3g	candidate	Provides serial interfaces for supported USB cellular modems. Remove it only if HalfBSD drops the corresponding hardware and its dependent drivers.	MAYBE
sys/modules/usb/uacpi/Makefile	uacpi	candidate	Provides ACPI integration for USB hubs and port management. Keep it because it supports the retained workstation, storage, networking, or virtualization stack.	NO
sys/modules/usb/uark/Makefile	uark	candidate	Drives supported ARKMicro USB serial adapters. Remove it only if HalfBSD drops the corresponding hardware and its dependent drivers.	MAYBE
sys/modules/usb/uath/Makefile	if_uath	candidate	Drives Atheros AR5523 USB wireless adapters. Keep it while its wireless hardware remains supported, including any matching firmware and framework dependencies.	MAYBE
sys/modules/usb/ubsa/Makefile	ubsa	candidate	Drives supported Belkin and related USB serial adapters. Remove it only if HalfBSD drops the corresponding hardware and its dependent drivers.	MAYBE
sys/modules/usb/ubser/Makefile	ubser	candidate	Drives supported USB multiport serial adapters. Remove it only if HalfBSD drops the corresponding hardware and its dependent drivers.	MAYBE
sys/modules/usb/uchcom/Makefile	uchcom	candidate	Drives WinChipHead CH34x USB serial adapters. Remove it only if HalfBSD drops the corresponding hardware and its dependent drivers.	MAYBE
sys/modules/usb/ucom/Makefile	ucom	candidate	Provides the shared USB serial-port framework. Keep it because it supports the retained workstation, storage, networking, or virtualization stack.	NO
sys/modules/usb/ucycom/Makefile	ucycom	candidate	Drives Cypress USB serial adapters using HID transport. Remove it only if HalfBSD drops the corresponding hardware and its dependent drivers.	MAYBE
sys/modules/usb/udav/Makefile	if_udav	candidate	Drives Davicom DM9601 USB Ethernet adapters. Remove it only if HalfBSD drops the corresponding hardware and its dependent drivers.	MAYBE
sys/modules/usb/udbc/Makefile	udbc	candidate	Provides a USB Debug Capability client serial interface. Its removal depends on whether HalfBSD intends to support this optional workflow and any remaining consumers.	MAYBE
sys/modules/usb/udbp/Makefile	udbp	outside default allowlist	Provides the USB double-bulk-pipe interface for compatible devices. Its removal depends on whether HalfBSD intends to support this optional workflow and any remaining consumers.	MAYBE
sys/modules/usb/udl/Makefile	udl	candidate	Drives supported DisplayLink USB graphics adapters. Remove it only if HalfBSD drops the corresponding hardware and its dependent drivers.	MAYBE
sys/modules/usb/uep/Makefile	uep	candidate	Drives supported USB touchscreen devices. Remove it only if HalfBSD drops the corresponding hardware and its dependent drivers.	MAYBE
sys/modules/usb/uether/Makefile	uether	candidate	Provides the shared USB Ethernet-driver framework. Keep it because it supports the retained workstation, storage, networking, or virtualization stack.	NO
sys/modules/usb/ufoma/Makefile	ufoma	candidate	Provides USB modem support for compatible FOMA devices. Remove it only if HalfBSD drops the corresponding hardware and its dependent drivers.	MAYBE
sys/modules/usb/uftdi/Makefile	uftdi	candidate	Drives FTDI USB serial adapters. Remove it only if HalfBSD drops the corresponding hardware and its dependent drivers.	MAYBE
sys/modules/usb/ugensa/Makefile	ugensa	candidate	Provides a generic attachment for compatible USB serial devices. Remove it only if HalfBSD drops the corresponding hardware and its dependent drivers.	MAYBE
sys/modules/usb/ugold/Makefile	ugold	candidate	Reads supported USB temperature and humidity sensors. Its removal depends on whether HalfBSD intends to support this optional workflow and any remaining consumers.	MAYBE
sys/modules/usb/uhci/Makefile	uhci	candidate	Drives USB 1 UHCI host controllers. Remove it only if HalfBSD drops the corresponding hardware and its dependent drivers.	MAYBE
sys/modules/usb/uhid/Makefile	uhid	candidate	Provides generic userspace access to USB HID devices. Keep it because it supports the retained workstation, storage, networking, or virtualization stack.	NO
sys/modules/usb/uhid_snes/Makefile	uhid_snes	candidate	Provides HID handling for supported SNES-style USB game controllers. Its removal depends on whether HalfBSD intends to support this optional workflow and any remaining consumers.	MAYBE
sys/modules/usb/ukbd/Makefile	ukbd	candidate	Provides keyboard input from USB keyboards. Keep it because it supports the retained workstation, storage, networking, or virtualization stack.	NO
sys/modules/usb/uled/Makefile	uled	candidate	Provides userspace control for compatible USB LED devices. Its removal depends on whether HalfBSD intends to support this optional workflow and any remaining consumers.	MAYBE
sys/modules/usb/ulpt/Makefile	ulpt	candidate	Provides access to USB printers. Remove it only if HalfBSD drops the corresponding hardware and its dependent drivers.	MAYBE
sys/modules/usb/umass/Makefile	umass	candidate	Attaches USB mass-storage devices to the CAM storage framework. Keep it because it supports the retained workstation, storage, networking, or virtualization stack.	NO
sys/modules/usb/umb/Makefile	umb	candidate	Provides USB Mobile Broadband Interface Model network connectivity. Remove it only if HalfBSD drops the corresponding hardware and its dependent drivers.	MAYBE
sys/modules/usb/umcs/Makefile	umcs	candidate	Drives MosChip multiport USB serial adapters. Remove it only if HalfBSD drops the corresponding hardware and its dependent drivers.	MAYBE
sys/modules/usb/umct/Makefile	umct	candidate	Drives Magic Control Technology USB serial adapters. Remove it only if HalfBSD drops the corresponding hardware and its dependent drivers.	MAYBE
sys/modules/usb/umodem/Makefile	umodem	candidate	Provides serial and control interfaces for USB CDC modems. Remove it only if HalfBSD drops the corresponding hardware and its dependent drivers.	MAYBE
sys/modules/usb/umoscom/Makefile	umoscom	candidate	Drives MosChip single-port USB serial adapters. Remove it only if HalfBSD drops the corresponding hardware and its dependent drivers.	MAYBE
sys/modules/usb/ums/Makefile	ums	candidate	Provides mouse input from USB pointing devices. Keep it because it supports the retained workstation, storage, networking, or virtualization stack.	NO
sys/modules/usb/upgt/Makefile	if_upgt	candidate	Drives supported Conexant and Intersil USB wireless adapters. Keep it while its wireless hardware remains supported, including any matching firmware and framework dependencies.	MAYBE
sys/modules/usb/uplcom/Makefile	uplcom	candidate	Drives Prolific PL2303 USB serial adapters. Remove it only if HalfBSD drops the corresponding hardware and its dependent drivers.	MAYBE
sys/modules/usb/ural/Makefile	if_ural	candidate	Drives Ralink RT2500USB wireless adapters. Keep it while its wireless hardware remains supported, including any matching firmware and framework dependencies.	MAYBE
sys/modules/usb/ure/Makefile	if_ure	candidate	Drives supported Realtek RTL8152 and RTL8153-family USB Ethernet adapters. Remove it only if HalfBSD drops the corresponding hardware and its dependent drivers.	MAYBE
sys/modules/usb/urndis/Makefile	if_urndis	candidate	Provides USB Ethernet through Remote NDIS devices and tethering interfaces. Remove it only if HalfBSD drops the corresponding hardware and its dependent drivers.	MAYBE
sys/modules/usb/urtw/Makefile	if_urtw	candidate	Drives Realtek RTL8187 USB wireless adapters. Keep it while its wireless hardware remains supported, including any matching firmware and framework dependencies.	MAYBE
sys/modules/usb/usb/Makefile	usb	candidate	Provides the shared USB bus framework used by host controllers and peripherals. Keep it because it supports the retained workstation, storage, networking, or virtualization stack.	NO
sys/modules/usb/usbhid/Makefile	usbhid	candidate	Transports USB HID reports into the common HID bus. Keep it because it supports the retained workstation, storage, networking, or virtualization stack.	NO
sys/modules/usb/usie/Makefile	usie	outside default allowlist	Provides connectivity through supported Sierra Wireless USB modems. Remove it only if HalfBSD drops the corresponding hardware and its dependent drivers.	MAYBE
sys/modules/usb/uslcom/Makefile	uslcom	candidate	Drives Silicon Labs CP210x USB serial adapters. Remove it only if HalfBSD drops the corresponding hardware and its dependent drivers.	MAYBE
sys/modules/usb/uss820dci/Makefile	uss820dci	outside default allowlist	Drives the USS820 USB device controller used by embedded systems. It belongs to embedded platform support left behind by the ARM removal and has no identified amd64 workstation use.	YES
sys/modules/usb/uvscom/Makefile	uvscom	candidate	Drives compatible SUNTAC USB serial adapters. Remove it only if HalfBSD drops the corresponding hardware and its dependent drivers.	MAYBE
sys/modules/usb/wmt/Makefile	wmt	candidate	Provides input from supported Windows-compatible USB multitouch devices. Remove it only if HalfBSD drops the corresponding hardware and its dependent drivers.	MAYBE
sys/modules/usb/wsp/Makefile	wsp	candidate	Drives supported newer Apple USB multitouch trackpads. Remove it only if HalfBSD drops the corresponding hardware and its dependent drivers.	MAYBE
sys/modules/usb/xhci/Makefile	xhci	candidate	Drives USB 3 and compatible xHCI host controllers. Keep it because it supports the retained workstation, storage, networking, or virtualization stack.	NO
sys/modules/usb/zyd/Makefile	if_zyd	candidate	Drives ZyDAS ZD1211 USB wireless adapters. Keep it while its wireless hardware remains supported, including any matching firmware and framework dependencies.	MAYBE
sys/modules/veriexec/Makefile	veriexec	outside default allowlist	Provides verified-execution metadata and enforcement infrastructure. Its removal depends on whether HalfBSD intends to support this optional workflow and any remaining consumers.	MAYBE
sys/modules/vesa/Makefile	vesa	outside default allowlist	Provides legacy VESA BIOS video-mode support. Its removal depends on whether HalfBSD intends to support this optional workflow and any remaining consumers.	MAYBE
sys/modules/vge/Makefile	if_vge	outside default allowlist	Drives VIA VT612x Gigabit Ethernet adapters. It targets legacy hardware outside the current workstation profile, subject to confirming that no supported machine needs it.	YES
sys/modules/viawd/Makefile	viawd	outside default allowlist	Drives watchdog timers in supported VIA chipsets. Remove it only if HalfBSD drops the corresponding hardware and its dependent drivers.	MAYBE
sys/modules/videomode/Makefile	videomode	candidate	Provides shared display-mode tables and parsing helpers for graphics consumers. Keep it because it supports the retained workstation, storage, networking, or virtualization stack.	NO
sys/modules/virtio/balloon/Makefile	virtio_balloon	candidate	Provides VirtIO memory-balloon support when HalfBSD runs as a guest. Keep it for the retained guest-platform and virtual-device support that uses this interface.	NO
sys/modules/virtio/block/Makefile	virtio_blk	candidate	Provides VirtIO block-storage support when HalfBSD runs as a guest. Keep it for the retained guest-platform and virtual-device support that uses this interface.	NO
sys/modules/virtio/console/Makefile	virtio_console	candidate	Provides VirtIO console and port support when HalfBSD runs as a guest. Keep it for the retained guest-platform and virtual-device support that uses this interface.	NO
sys/modules/virtio/network/Makefile	if_vtnet	candidate	Provides VirtIO Ethernet support when HalfBSD runs as a guest. Keep it for the retained guest-platform and virtual-device support that uses this interface.	NO
sys/modules/virtio/p9fs/Makefile	virtio_p9fs	candidate	Connects the 9P filesystem client to VirtIO shared-directory devices. Its removal depends on whether HalfBSD intends to support this optional workflow and any remaining consumers.	MAYBE
sys/modules/virtio/pci/Makefile	virtio_pci	candidate	Attaches VirtIO devices exposed through the PCI bus. Keep it for the retained guest-platform and virtual-device support that uses this interface.	NO
sys/modules/virtio/random/Makefile	virtio_random	candidate	Obtains entropy from VirtIO random-number devices. Keep it for the retained guest-platform and virtual-device support that uses this interface.	NO
sys/modules/virtio/scsi/Makefile	virtio_scsi	candidate	Provides VirtIO SCSI storage support when HalfBSD runs as a guest. Keep it for the retained guest-platform and virtual-device support that uses this interface.	NO
sys/modules/virtio/virtio/Makefile	virtio	candidate	Provides the shared VirtIO framework used by virtual-device drivers. Keep it for the retained guest-platform and virtual-device support that uses this interface.	NO
sys/modules/vkbd/Makefile	vkbd	candidate	Allows software to supply input through a virtual keyboard device. Its removal depends on whether HalfBSD intends to support this optional workflow and any remaining consumers.	MAYBE
sys/modules/vmd/Makefile	vmd	candidate	Exposes storage devices behind Intel Volume Management Device controllers. Remove it only if HalfBSD drops the corresponding hardware and its dependent drivers.	MAYBE
sys/modules/vmm/Makefile	vmm	candidate	Provides the amd64 virtualization monitor used by bhyve. Keep it because it supports the retained workstation, storage, networking, or virtualization stack.	NO
sys/modules/vnic/mrmlbus/Makefile	mrmlbus	outside default allowlist	Provides the Cavium ThunderX MRML device bus. It belongs to embedded platform support left behind by the ARM removal and has no identified amd64 workstation use.	YES
sys/modules/vnic/thunder_bgx/Makefile	thunder_bgx	outside default allowlist	Drives Cavium ThunderX BGX Ethernet interfaces. It belongs to embedded platform support left behind by the ARM removal and has no identified amd64 workstation use.	YES
sys/modules/vnic/thunder_mdio/Makefile	thunder_mdio	outside default allowlist	Provides MDIO access for Cavium ThunderX Ethernet hardware. It belongs to embedded platform support left behind by the ARM removal and has no identified amd64 workstation use.	YES
sys/modules/vnic/vnicpf/Makefile	vnicpf	outside default allowlist	Provides the Cavium ThunderX virtual NIC physical-function driver. It belongs to embedded platform support left behind by the ARM removal and has no identified amd64 workstation use.	YES
sys/modules/vnic/vnicvf/Makefile	vnicvf	outside default allowlist	Provides the Cavium ThunderX virtual NIC virtual-function driver. It belongs to embedded platform support left behind by the ARM removal and has no identified amd64 workstation use.	YES
sys/modules/vr/Makefile	if_vr	outside default allowlist	Drives VIA Rhine Fast Ethernet adapters. It targets legacy hardware outside the current workstation profile, subject to confirming that no supported machine needs it.	YES
sys/modules/vte/Makefile	if_vte	outside default allowlist	Drives RDC R6040 Fast Ethernet adapters. It targets legacy hardware outside the current workstation profile, subject to confirming that no supported machine needs it.	YES
sys/modules/wbwd/Makefile	wbwd	outside default allowlist	Drives watchdog timers in supported Winbond Super I/O controllers. Remove it only if HalfBSD drops the corresponding hardware and its dependent drivers.	MAYBE
sys/modules/wdatwd/Makefile	wdatwd	candidate	Drives watchdog hardware described by the ACPI Watchdog Action Table. Remove it only if HalfBSD drops the corresponding hardware and its dependent drivers.	MAYBE
sys/modules/wlan/Makefile	wlan	candidate	Provides the shared IEEE 802.11 wireless networking framework. Keep it because it supports the retained workstation, storage, networking, or virtualization stack.	NO
sys/modules/wlan_acl/Makefile	wlan_acl	candidate	Provides wireless MAC-address access-control-list support. Its removal depends on whether HalfBSD intends to support this optional workflow and any remaining consumers.	MAYBE
sys/modules/wlan_amrr/Makefile	wlan_amrr	candidate	Provides adaptive transmit-rate selection for wireless drivers that use AMRR. Keep it because it supports the retained workstation, storage, networking, or virtualization stack.	NO
sys/modules/wlan_ccmp/Makefile	wlan_ccmp	candidate	Provides AES-CCMP encryption support for WPA-protected wireless networks. Keep it because it supports the retained workstation, storage, networking, or virtualization stack.	NO
sys/modules/wlan_gcmp/Makefile	wlan_gcmp	candidate	Provides AES-GCMP encryption support for compatible protected wireless networks. Keep it because it supports the retained workstation, storage, networking, or virtualization stack.	NO
sys/modules/wlan_rssadapt/Makefile	wlan_rssadapt	candidate	Provides signal-based transmit-rate selection for wireless drivers that use it. Keep it because it supports the retained workstation, storage, networking, or virtualization stack.	NO
sys/modules/wlan_tkip/Makefile	wlan_tkip	candidate	Provides the legacy TKIP cipher used by older WPA wireless networks. Its removal depends on whether HalfBSD intends to support this optional workflow and any remaining consumers.	MAYBE
sys/modules/wlan_wep/Makefile	wlan_wep	candidate	Provides legacy WEP encryption for wireless networks. Its removal depends on whether HalfBSD intends to support this optional workflow and any remaining consumers.	MAYBE
sys/modules/wlan_xauth/Makefile	wlan_xauth	candidate	Provides external wireless-authentication framework support. Its removal depends on whether HalfBSD intends to support this optional workflow and any remaining consumers.	MAYBE
sys/modules/wtap/Makefile	wtap	outside default allowlist	Provides virtual wireless interfaces for driver and protocol testing. It can be excluded from installed systems, but source removal would reduce testing or diagnostic coverage.	MAYBE
sys/modules/x86bios/Makefile	x86bios	outside default allowlist	Provides an x86 BIOS-call emulator used by compatible legacy hardware consumers. Its removal depends on whether HalfBSD intends to support this optional workflow and any remaining consumers.	MAYBE
sys/modules/xdr/Makefile	xdr	candidate	Provides external-data-representation serialization routines for retained RPC consumers. Its removal depends on whether HalfBSD intends to support this optional workflow and any remaining consumers.	MAYBE
sys/modules/xz/Makefile	xz	candidate	Provides XZ and LZMA decompression for kernel consumers including compressed firmware. Keep it because it supports the retained workstation, storage, networking, or virtualization stack.	NO
sys/modules/zfs/Makefile	zfs	candidate	Provides OpenZFS storage pools, filesystems, snapshots, and the required HalfBSD root filesystem. Keep it because it supports the retained workstation, storage, networking, or virtualization stack.	NO
sys/modules/zlib/Makefile	zlib	candidate	Provides DEFLATE compression and decompression routines for kernel consumers. Keep it because it supports the retained workstation, storage, networking, or virtualization stack.	NO
